,date,SEASON,PM_RETIRO,PM_VALLECAS,PM_CIUDADLINEAL,PM_CENTRO,DEW_POINT,HUMIDITY,TEMPERATURE,WIND_SPEED,PRECIPITAITON,COMMULATIVE_PRECIPITATION,log_pmcentro,log_dewpoint,log_humidity,log_temperature,log_wind,log_precipitation,log_cumprecipitation,Date,Day of Week,year,month
0,04 00:00:00,4,,,,4.55650501400681,,4.137247722946181,0.0329220192670975,4.0137538166717555,2.501435951739211,2.501435951739211,4.55650501400681,,4.137247722946181,0.0329220192670975,4.0137538166717555,2.501435951739211,2.501435951739211,2010-01-04,0,2010,1
1,11 00:00:00,4,,,,4.287437920740931,,3.900408194858772,,3.1291074039702105,0.0,0.0,4.287437920740931,,3.900408194858772,,3.1291074039702105,0.0,0.0,2010-01-11,0,2010,1
2,18 00:00:00,4,,,,4.812426292808577,,3.996998581421707,-0.5080322351304771,3.6431408791065154,0.0,0.0,4.812426292808577,,3.996998581421707,-0.5080322351304771,3.6431408791065154,0.0,0.0,2010-01-18,0,2010,1
3,25 00:00:00,4,,,,4.628230984556069,,3.679009477175163,1.6556970892845135,4.078003437008982,0.0,0.0,4.628230984556069,,3.679009477175163,1.6556970892845135,4.078003437008982,0.0,0.0,2010-01-25,0,2010,1
4,01 00:00:00,4,,,,4.287268042643786,,3.5498910220263555,1.9491112206673735,3.4878937288763856,0.0,0.0,4.287268042643786,,3.5498910220263555,1.9491112206673735,3.4878937288763856,0.0,0.0,2010-02-01,0,2010,2
5,08 00:00:00,4,,,,4.532919462438935,,4.017026314438131,1.3844386200003278,2.1982161490585144,0.0,0.0,4.532919462438935,,4.017026314438131,1.3844386200003278,2.1982161490585144,0.0,0.0,2010-02-08,0,2010,2
6,15 00:00:00,4,,,,4.079461233530815,,3.4345630755059555,1.5423669132746514,2.6752359070803307,0.0,0.0,4.079461233530815,,3.4345630755059555,1.5423669132746514,2.6752359070803307,0.0,0.0,2010-02-15,0,2010,2
7,22 00:00:00,4,,,,4.674051940190635,,3.7040905574121648,1.953271191168146,2.637517028313784,0.0,0.0,4.674051940190635,,3.7040905574121648,1.953271191168146,2.637517028313784,0.0,0.0,2010-02-22,0,2010,2
8,01 00:00:00,1,,,,4.858796754027377,,4.202914208820875,2.1175197285619296,3.0205816682784885,1.88706964903238,1.8082887711792655,4.858796754027377,,4.202914208820875,2.1175197285619296,3.0205816682784885,1.88706964903238,1.8082887711792655,2010-03-01,0,2010,3
9,08 00:00:00,1,,,,4.5264361454455875,,3.9473441838773664,2.0005670786131176,3.0391366451522495,1.547562508716013,1.5040773967762742,4.5264361454455875,,3.9473441838773664,2.0005670786131176,3.0391366451522495,1.547562508716013,1.5040773967762742,2010-03-08,0,2010,3
10,15 00:00:00,1,,,,4.290948558301698,,3.7942846116324427,2.1662170724888776,3.505119363125635,2.4069451083182885,2.4069451083182885,4.290948558301698,,3.7942846116324427,2.1662170724888776,3.505119363125635,2.4069451083182885,2.4069451083182885,2010-03-15,0,2010,3
11,22 00:00:00,1,,,,4.844392696730049,,3.920439865028292,2.421460428049038,3.163342979831376,0.0,0.0,4.844392696730049,,3.920439865028292,2.421460428049038,3.163342979831376,0.0,0.0,2010-03-22,0,2010,3
12,29 00:00:00,1,,,,4.420130653127088,,3.720516539057119,2.5547036908615053,2.7935395871176247,1.8082887711792657,1.6863989535702288,4.420130653127088,,3.720516539057119,2.5547036908615053,2.7935395871176247,1.8082887711792657,1.6863989535702288,2010-03-29,0,2010,3
13,05 00:00:00,1,,,,4.71760174667382,,3.7835129981254787,2.739403622241828,3.459834969943431,1.9021075263969205,1.3862943611198906,4.71760174667382,,3.7835129981254787,2.739403622241828,3.459834969943431,1.9021075263969205,1.3862943611198906,2010-04-05,0,2010,4
14,12 00:00:00,1,,,,4.178773241838892,,3.719795402514726,2.773490930272109,3.7542017082311387,0.7884573603642703,0.7419373447293773,4.178773241838892,,3.719795402514726,2.773490930272109,3.7542017082311387,0.7884573603642703,0.7419373447293773,2010-04-12,0,2010,4
15,19 00:00:00,1,,,,5.014990874135911,,4.017776301080667,2.7167682681465855,3.8927807211105123,0.3364722366212129,0.3364722366212129,5.014990874135911,,4.017776301080667,2.7167682681465855,3.8927807211105123,0.3364722366212129,0.3364722366212129,2010-04-19,0,2010,4
16,26 00:00:00,1,,,,3.9899756182865693,0.3483066942682158,3.948435291459701,2.884128875039725,3.3040788216918657,2.8622008809294686,2.5572273113676265,3.9899756182865693,0.3483066942682158,3.948435291459701,2.884128875039725,3.3040788216918657,2.8622008809294686,2.5572273113676265,2010-04-26,0,2010,4
17,03 00:00:00,1,,,,3.9090423772900085,,3.2619809254030243,3.051966502985925,4.680803737051592,0.0,0.0,3.9090423772900085,,3.2619809254030243,3.051966502985925,4.680803737051592,0.0,0.0,2010-05-03,0,2010,5
18,10 00:00:00,1,,,,4.498618484960112,1.4786239127860779,3.755925988270205,3.1492387178030214,3.661099827129595,3.126760535960395,2.7013612129514133,4.498618484960112,1.4786239127860779,3.755925988270205,3.1492387178030214,3.661099827129595,3.126760535960395,2.7013612129514133,2010-05-10,0,2010,5
19,17 00:00:00,1,,,,4.492992353347557,2.1697337411981787,4.030969385301185,3.1199392493729503,3.2617505682000933,1.0647107369924282,1.0296194171811581,4.492992353347557,2.1697337411981787,4.030969385301185,3.1199392493729503,3.2617505682000933,1.0647107369924282,1.0296194171811581,2010-05-17,0,2010,5
20,24 00:00:00,1,,,,4.412726140665543,2.123828602364587,3.8226712295025913,3.2717689317691874,2.7176036278025193,2.639057329615259,2.0412203288596382,4.412726140665543,2.123828602364587,3.8226712295025913,3.2717689317691874,2.7176036278025193,2.639057329615259,2.0412203288596382,2010-05-24,0,2010,5
21,31 00:00:00,1,,,,4.459658978793665,2.474435349920705,4.019060685288057,3.2602260171040127,2.1734657217807185,2.6810215287142904,2.4595888418037104,4.459658978793665,2.474435349920705,4.019060685288057,3.2602260171040127,2.1734657217807185,2.6810215287142904,2.4595888418037104,2010-05-31,0,2010,5
22,07 00:00:00,2,,,,4.700097872041313,2.599598492874711,4.068008735214739,3.2669445660926137,2.446937930341193,2.312535423847214,1.9459101490553132,4.700097872041313,2.599598492874711,4.068008735214739,3.2669445660926137,2.446937930341193,2.312535423847214,1.9459101490553132,2010-06-07,0,2010,6
23,14 00:00:00,2,,,,4.5613053723411525,2.7265292014678812,4.1202946107763845,3.294824412743803,2.4421658595375644,2.631888840136646,2.468099531471619,4.5613053723411525,2.7265292014678812,4.1202946107763845,3.294824412743803,2.4421658595375644,2.631888840136646,2.468099531471619,2010-06-14,0,2010,6
24,21 00:00:00,2,,,,4.437961130639903,2.85400411372529,4.210450707674851,3.3198332183726573,1.789067356679222,2.6026896854443837,2.1400661634962708,4.437961130639903,2.85400411372529,4.210450707674851,3.3198332183726573,1.789067356679222,2.6026896854443837,2.1400661634962708,2010-06-21,0,2010,6
25,28 00:00:00,2,,,,4.831511792670662,2.7354491752903245,3.982459279153151,3.367544796273015,2.4401915047717075,0.7419373447293773,0.7419373447293773,4.831511792670662,2.7354491752903245,3.982459279153151,3.367544796273015,2.4401915047717075,0.7419373447293773,0.7419373447293773,2010-06-28,0,2010,6
26,05 00:00:00,2,,,,4.637499073103451,2.907746395918783,4.084073743510248,3.432973117407214,2.3282644427570864,1.7749523509116738,1.7749523509116738,4.637499073103451,2.907746395918783,4.084073743510248,3.432973117407214,2.3282644427570864,1.7749523509116738,1.7749523509116738,2010-07-05,0,2010,7
27,12 00:00:00,2,,,,4.426271336471639,2.8356613256948564,4.153754627902872,3.367544796273015,2.472599078539725,3.9908341858524357,3.8308129500026027,4.426271336471639,2.8356613256948564,4.153754627902872,3.367544796273015,2.472599078539725,3.9908341858524357,3.8308129500026027,2010-07-12,0,2010,7
28,19 00:00:00,2,,,,5.026227388856092,3.091042453358316,4.3702010346974,3.36282408452612,2.5254714683842194,2.5336968139574325,1.8870696490323797,5.026227388856092,3.091042453358316,4.3702010346974,3.36282408452612,2.5254714683842194,2.5336968139574325,1.8870696490323797,2010-07-19,0,2010,7
29,26 00:00:00,2,,,,4.883838542397508,3.123518024882434,4.267697449033295,3.4356478328860947,2.794424470419936,0.6418538861723947,1.7578579175523736,4.883838542397508,3.123518024882434,4.267697449033295,3.4356478328860947,2.794424470419936,0.6418538861723947,1.7578579175523736,2010-07-26,0,2010,7
30,02 00:00:00,2,,,,4.966417991771958,3.1055471395611978,4.250533978739207,3.437845180630841,2.9632183055367074,0.3364722366212129,0.1823215567939546,4.966417991771958,3.1055471395611978,4.250533978739207,3.437845180630841,2.9632183055367074,0.3364722366212129,0.1823215567939546,2010-08-02,0,2010,8
31,09 00:00:00,2,,,,4.647590901872044,2.8989328901981986,4.193435464866331,3.3500684190608503,3.2516610393856427,3.391147045808654,3.2733640101522705,4.647590901872044,2.8989328901981986,4.193435464866331,3.3500684190608503,3.2516610393856427,3.391147045808654,3.2733640101522705,2010-08-09,0,2010,8
32,16 00:00:00,2,,,,4.688673257892741,2.900898170883152,4.135357014794546,3.4059868306866607,2.6508791821408004,0.09531017980432493,0.09531017980432493,4.688673257892741,2.900898170883152,4.135357014794546,3.4059868306866607,2.6508791821408004,0.09531017980432493,0.09531017980432493,2010-08-16,0,2010,8
33,23 00:00:00,2,,,,4.67377409294926,2.9870638587904206,4.332767610606824,3.3233553905426225,2.9018499429352915,4.273884476054178,3.7062280924485496,4.67377409294926,2.9870638587904206,4.332767610606824,3.3233553905426225,2.9018499429352915,4.273884476054178,3.7062280924485496,2010-08-23,0,2010,8
34,30 00:00:00,2,,,,4.438089044681841,2.878060838812851,4.21062735491078,3.326865200544741,2.3268188314443776,2.388762789235098,2.388762789235098,4.438089044681841,2.878060838812851,4.21062735491078,3.326865200544741,2.3268188314443776,2.388762789235098,2.388762789235098,2010-08-30,0,2010,8
35,06 00:00:00,2,,,,4.6569603807097435,2.940043367693402,4.317964190669796,3.298796024587575,1.7928897825641374,2.251291798606495,2.4595888418037104,4.6569603807097435,2.940043367693402,4.317964190669796,3.298796024587575,1.7928897825641374,2.251291798606495,2.4595888418037104,2010-09-06,0,2010,9
36,13 00:00:00,3,,,,4.7985415789686305,2.6948684644001455,4.117584319697118,3.2935574029703747,2.2063756994944312,0.0,0.0,4.7985415789686305,2.6948684644001455,4.117584319697118,3.2935574029703747,2.2063756994944312,0.0,0.0,2010-09-13,0,2010,9
37,20 00:00:00,3,,,,4.88234138517381,2.7763020573644424,4.364538291640545,3.1835843065865257,3.164273804533739,3.763522997109702,3.4688560301359703,4.88234138517381,2.7763020573644424,4.364538291640545,3.1835843065865257,3.164273804533739,3.763522997109702,3.4688560301359703,2010-09-20,0,2010,9
38,27 00:00:00,3,,,,3.295836866004329,1.9972884738412826,4.115838102722543,3.0475752802100415,2.7804446879374893,3.0204248861443626,3.2108436531709366,3.295836866004329,1.9972884738412826,4.115838102722543,3.0475752802100415,2.7804446879374893,3.0204248861443626,3.2108436531709366,2010-09-27,0,2010,9
39,04 00:00:00,3,,,,4.693965684771222,1.9760631872260008,4.117778155712456,3.0181947208168816,3.7220681029252223,2.1162555148025524,2.0918640616783932,4.693965684771222,1.9760631872260008,4.117778155712456,3.0181947208168816,3.7220681029252223,2.1162555148025524,2.0918640616783932,2010-10-04,0,2010,10
40,11 00:00:00,3,,,,5.574256654446627,2.4794353603374106,4.374708253866202,3.0279269960188895,1.5960028263921038,3.5025498759224427,3.502549875922443,5.574256654446627,2.4794353603374106,4.374708253866202,3.0279269960188895,1.5960028263921038,3.5025498759224427,3.502549875922443,2010-10-11,0,2010,10
41,18 00:00:00,3,,,,4.081254205633959,1.056052674249314,4.056535550561903,2.8592747796000086,3.456641474158927,1.7578579175523734,1.7578579175523736,4.081254205633959,1.056052674249314,4.056535550561903,2.8592747796000086,3.456641474158927,1.7578579175523734,1.7578579175523736,2010-10-18,0,2010,10
42,25 00:00:00,3,,,,4.706899115411868,1.7625676631272513,4.3587671464557465,2.763078380447642,2.8216410402525085,2.631888840136646,2.5494451709255714,4.706899115411868,1.7625676631272513,4.3587671464557465,2.763078380447642,2.8216410402525085,2.631888840136646,2.5494451709255714,2010-10-25,0,2010,10
43,01 00:00:00,3,,,,4.09771190223667,,3.960699784484922,2.6383182364349596,2.188522805333291,0.0,0.0,4.09771190223667,,3.960699784484922,2.6383182364349596,2.188522805333291,0.0,0.0,2010-11-01,0,2010,11
44,08 00:00:00,3,,,,4.627222847750872,,3.969617831962728,2.6813235801268065,3.204218935524567,0.0,0.0,4.627222847750872,,3.969617831962728,2.6813235801268065,3.204218935524567,0.0,0.0,2010-11-08,0,2010,11
45,15 00:00:00,3,,,,4.116905597607746,,4.052250677843548,2.2426262331154994,4.657418649056762,0.0,0.0,4.116905597607746,,4.052250677843548,2.2426262331154994,4.657418649056762,0.0,0.0,2010-11-15,0,2010,11
46,22 00:00:00,3,,,,5.50440063080755,,4.20637918496762,2.315055799493646,4.100543562623637,0.0,0.0,5.50440063080755,,4.20637918496762,2.315055799493646,4.100543562623637,0.0,0.0,2010-11-22,0,2010,11
47,29 00:00:00,3,,,,4.829170513022283,,3.845068870631043,2.063854256209205,2.999632396273534,0.0,0.0,4.829170513022283,,3.845068870631043,2.063854256209205,2.999632396273534,0.0,0.0,2010-11-29,0,2010,11
48,06 00:00:00,3,,,,4.852541665869441,,3.983457338565082,2.1204508722815683,3.6506690637459984,0.0,0.0,4.852541665869441,,3.983457338565082,2.1204508722815683,3.6506690637459984,0.0,0.0,2010-12-06,0,2010,12
49,13 00:00:00,4,,,,4.408314953702795,,3.6666094997539,1.9744929456818219,3.3368747102432303,0.0,0.0,4.408314953702795,,3.6666094997539,1.9744929456818219,3.3368747102432303,0.0,0.0,2010-12-13,0,2010,12
50,20 00:00:00,4,,,,4.792094230306721,,3.4988496938766622,1.7473313621387887,3.664277202024265,0.0,0.0,4.792094230306721,,3.4988496938766622,1.7473313621387887,3.664277202024265,0.0,0.0,2010-12-20,0,2010,12
51,27 00:00:00,4,,,,4.758606324877481,,3.6034901374961743,1.398996330508609,3.0134464704295634,0.0,0.0,4.758606324877481,,3.6034901374961743,1.398996330508609,3.0134464704295634,0.0,0.0,2010-12-27,0,2010,12
52,03 00:00:00,4,,,,3.8956526797974327,,3.570370708765391,1.071310889734988,4.975645712306776,0.0,0.0,3.8956526797974327,,3.570370708765391,1.071310889734988,4.975645712306776,0.0,0.0,2011-01-03,0,2011,1
53,10 00:00:00,4,,,,4.068660386767144,,3.49902963089919,1.2869655788964998,5.04503173652082,0.0,0.0,4.068660386767144,,3.49902963089919,1.2869655788964998,5.04503173652082,0.0,0.0,2011-01-10,0,2011,1
54,17 00:00:00,4,,,,3.8222806299272847,,3.406540226072651,0.9449927367413448,4.1023511145435725,0.0,0.0,3.8222806299272847,,3.406540226072651,0.9449927367413448,4.1023511145435725,0.0,0.0,2011-01-17,0,2011,1
55,24 00:00:00,4,,,,3.654361949231223,,3.4610747589080457,0.8557929560327255,3.9215500972705155,0.0,0.0,3.654361949231223,,3.4610747589080457,0.8557929560327255,3.9215500972705155,0.0,0.0,2011-01-24,0,2011,1
56,31 00:00:00,4,,,,3.40377342588865,,3.3600859934197245,1.2976849440522586,3.856068488462193,0.0,0.0,3.40377342588865,,3.3600859934197245,1.2976849440522586,3.856068488462193,0.0,0.0,2011-01-31,0,2011,1
57,07 00:00:00,4,,,,4.510205184698046,,3.624023422257711,2.018228217142789,3.1203858329108147,0.0,0.0,4.510205184698046,,3.624023422257711,2.018228217142789,3.1203858329108147,0.0,0.0,2011-02-07,0,2011,2
58,14 00:00:00,4,,,,4.232984412209015,,4.102544973734507,1.4953657814409187,2.974089024781498,1.916922612182061,1.410986973710262,4.232984412209015,,4.102544973734507,1.4953657814409187,2.974089024781498,1.916922612182061,1.410986973710262,2011-02-14,0,2011,2
59,21 00:00:00,4,,,,5.615449878921002,,4.13278276538708,1.9491112206673733,1.6694797314007208,0.0,0.0,5.615449878921002,,4.13278276538708,1.9491112206673733,1.6694797314007208,0.0,0.0,2011-02-21,0,2011,2
60,28 00:00:00,4,,,,5.115960094830597,,4.1113616452668325,2.1384346730784314,2.789337555127441,1.791759469228055,1.5260563034950492,5.115960094830597,,4.1113616452668325,2.1384346730784314,2.789337555127441,1.791759469228055,1.5260563034950492,2011-02-28,0,2011,2
61,07 00:00:00,1,,,,3.6005343104041225,,3.3756760527653893,2.411883978911883,3.868128338732836,0.0,0.0,3.6005343104041225,,3.3756760527653893,2.411883978911883,3.868128338732836,0.0,0.0,2011-03-07,0,2011,3
62,14 00:00:00,1,,,,4.522544997165388,,3.3111511009773715,2.5984740291435076,3.367802680169746,0.0,0.0,4.522544997165388,,3.3111511009773715,2.5984740291435076,3.367802680169746,0.0,0.0,2011-03-14,0,2011,3
63,21 00:00:00,1,,,,4.027510639705888,,3.4179218246033503,2.5432633147042085,4.103683752414314,0.0,0.0,4.027510639705888,,3.4179218246033503,2.5432633147042085,4.103683752414314,0.0,0.0,2011-03-21,0,2011,3
64,28 00:00:00,1,,,,3.3683750646374357,,2.9434986876067986,2.6569760097624378,4.04678072913457,0.0,0.0,3.3683750646374357,,2.9434986876067986,2.6569760097624378,4.04678072913457,0.0,0.0,2011-03-28,0,2011,3
65,04 00:00:00,1,,,,4.699983975593178,,3.615412302232064,2.8306270019417177,2.6881551885862662,1.4586150226995167,1.4586150226995167,4.699983975593178,,3.615412302232064,2.8306270019417177,2.6881551885862662,1.4586150226995167,1.4586150226995167,2011-04-04,0,2011,4
66,11 00:00:00,1,,,,4.469923674717928,,3.2540820806028203,2.955186717531996,3.5274016491245717,0.0,0.0,4.469923674717928,,3.2540820806028203,2.955186717531996,3.5274016491245717,0.0,0.0,2011-04-11,0,2011,4
67,18 00:00:00,1,,,,4.439038600592789,,3.3258065356955444,3.085081210361728,3.3466050004736903,0.0,0.0,4.439038600592789,,3.3258065356955444,3.085081210361728,3.3466050004736903,0.0,0.0,2011-04-18,0,2011,4
68,25 00:00:00,1,,,,4.337191327863388,0.9763549726168053,3.9116657987803043,2.9544242938009684,3.1404688817766093,1.7227665977411035,1.4816045409242156,4.337191327863388,0.9763549726168053,3.9116657987803043,2.9544242938009684,3.1404688817766093,1.7227665977411035,1.4816045409242156,2011-04-25,0,2011,4
69,02 00:00:00,1,,,,4.485269250400612,0.962810747509048,3.8371455064953954,3.0528885189467974,3.7990649181078915,0.9162907318741551,0.5306282510621704,4.485269250400612,0.962810747509048,3.8371455064953954,3.0528885189467974,3.7990649181078915,0.9162907318741551,0.5306282510621704,2011-05-02,0,2011,5
70,09 00:00:00,1,,,,4.03116697334913,1.4299694246225523,3.8612308385880407,3.091086806927233,2.918455825539485,3.054001181677967,2.791165107812717,4.03116697334913,1.4299694246225523,3.8612308385880407,3.091086806927233,2.918455825539485,3.054001181677967,2.791165107812717,2011-05-09,0,2011,5
71,16 00:00:00,1,,,,3.8703325783739366,-2.5590146219417265,3.3797386218304792,3.214635779088248,4.17249170154683,0.0,0.0,3.8703325783739366,-2.5590146219417265,3.3797386218304792,3.214635779088248,4.17249170154683,0.0,0.0,2011-05-16,0,2011,5
72,23 00:00:00,1,,,,4.429114670772783,1.6422277352570913,3.704237109768256,3.1912374257152467,3.2724481868737203,0.09531017980432493,0.09531017980432493,4.429114670772783,1.6422277352570913,3.704237109768256,3.1912374257152467,3.2724481868737203,0.09531017980432493,0.09531017980432493,2011-05-23,0,2011,5
73,30 00:00:00,1,,,,4.533657505357344,2.555749660563113,4.015309944139064,3.282081490935844,3.990112157802859,1.5260563034950492,1.4816045409242156,4.533657505357344,2.555749660563113,4.015309944139064,3.282081490935844,3.990112157802859,1.5260563034950492,1.4816045409242156,2011-05-30,0,2011,5
74,06 00:00:00,1,,,,3.9554082650043467,2.2431130804777535,3.6494206173733885,3.3545088326882433,3.491650909657409,0.47000362924573563,0.47000362924573563,3.9554082650043467,2.2431130804777535,3.6494206173733885,3.3545088326882433,3.491650909657409,0.47000362924573563,0.47000362924573563,2011-06-06,0,2011,6
75,13 00:00:00,2,,,,4.430178840288981,2.7777835391168852,4.084574770626295,3.355019921625434,2.33490245399411,3.4531571205928664,2.7013612129514133,4.430178840288981,2.7777835391168852,4.084574770626295,3.355019921625434,2.33490245399411,3.4531571205928664,2.7013612129514133,2011-06-13,0,2011,6
76,20 00:00:00,2,,,,5.037995657500374,2.903838868967053,4.204514920589966,3.3440596316120157,2.3830343114374752,2.6810215287142904,2.3513752571634776,5.037995657500374,2.903838868967053,4.204514920589966,3.3440596316120157,2.3830343114374752,2.6810215287142904,2.3513752571634776,2011-06-20,0,2011,6
77,27 00:00:00,2,,,,4.610572235277086,2.8401917394376786,4.144362241771577,3.3485267473781737,2.725242827111533,3.520460802488973,3.342861804649192,4.610572235277086,2.8401917394376786,4.144362241771577,3.3485267473781737,2.725242827111533,3.520460802488973,3.342861804649192,2011-06-27,0,2011,6
78,04 00:00:00,2,,,,4.9503206440748695,3.033693035793214,4.291763222297875,3.380745050770377,2.0006592001254164,2.9652730660692823,2.341805806147327,4.9503206440748695,3.033693035793214,4.291763222297875,3.380745050770377,2.0006592001254164,2.9652730660692823,2.341805806147327,2011-07-04,0,2011,7
79,11 00:00:00,2,,,,4.5234693583614,2.890702391061683,4.10745271817484,3.386868038977394,2.6089136624960396,3.56953269648137,3.55820113047182,4.5234693583614,2.890702391061683,4.10745271817484,3.386868038977394,2.6089136624960396,3.56953269648137,3.55820113047182,2011-07-11,0,2011,7
80,18 00:00:00,2,,,,4.560309790154507,3.0501753640262113,4.325472030101061,3.3604553453468404,2.411492881063754,3.912023005428146,2.970414465569701,4.560309790154507,3.0501753640262113,4.325472030101061,3.3604553453468404,2.411492881063754,3.912023005428146,2.970414465569701,2011-07-18,0,2011,7
81,25 00:00:00,2,,,,4.93951430944181,3.1663286118210565,4.471094427536299,3.362993065671606,2.276839843242188,4.464758032271346,3.9415818076696905,4.93951430944181,3.1663286118210565,4.471094427536299,3.362993065671606,2.276839843242188,4.464758032271346,3.9415818076696905,2011-07-25,0,2011,7
82,01 00:00:00,2,,,,4.492733410503551,3.159024713339344,4.413447433253077,3.391476857864763,2.3861600165799497,4.050044303325521,3.563882963939251,4.492733410503551,3.159024713339344,4.413447433253077,3.391476857864763,2.3861600165799497,4.050044303325521,3.563882963939251,2011-08-01,0,2011,8
83,08 00:00:00,2,,,,4.599268828842495,3.088061825220178,4.342103293783153,3.381906333089137,2.955390694369774,0.0,0.0,4.599268828842495,3.088061825220178,4.342103293783153,3.381906333089137,2.955390694369774,0.0,0.0,2011-08-08,0,2011,8
84,15 00:00:00,2,,,,4.753762776600749,3.1660776393012298,4.412653982784067,3.3968815504907153,2.4542991331551582,5.090678001769792,4.318820558770089,4.753762776600749,3.1660776393012298,4.412653982784067,3.3968815504907153,2.4542991331551582,5.090678001769792,4.318820558770089,2011-08-15,0,2011,8
85,22 00:00:00,2,,,,4.088501405859299,2.993348482198715,4.308399316218431,3.3440596316120152,2.421198471650932,1.3350010667323402,1.1939224684724346,4.088501405859299,2.993348482198715,4.308399316218431,3.3440596316120152,2.421198471650932,1.3350010667323402,1.1939224684724346,2011-08-22,0,2011,8
86,29 00:00:00,2,,,,4.590507308883756,2.9894626605403958,4.402208508441051,3.2870158737889494,1.8779735708061338,4.860587297852597,4.637637376125593,4.590507308883756,2.9894626605403958,4.402208508441051,3.2870158737889494,1.8779735708061338,4.860587297852597,4.637637376125593,2011-08-29,0,2011,8
87,05 00:00:00,2,,,,4.679758484943294,2.9456913274829066,4.3224756550473495,3.30812123849647,2.188469431435783,1.9021075263969203,1.9021075263969205,4.679758484943294,2.9456913274829066,4.3224756550473495,3.30812123849647,2.188469431435783,1.9021075263969203,1.9021075263969205,2011-09-05,0,2011,9
88,12 00:00:00,3,,,,4.313830639474218,2.687199405622019,4.3589194461819005,3.1446249253087464,2.4181063134145013,2.8390784635086144,2.451005098112319,4.313830639474218,2.687199405622019,4.3589194461819005,3.1446249253087464,2.4181063134145013,2.8390784635086144,2.451005098112319,2011-09-12,0,2011,9
89,19 00:00:00,3,,,,4.310958908081387,2.41346605718325,4.2107156668285315,3.1197237702111065,2.2862742195665406,1.4816045409242156,1.2237754316221157,4.310958908081387,2.41346605718325,4.2107156668285315,3.1197237702111065,2.2862742195665406,1.4816045409242156,1.2237754316221157,2011-09-19,0,2011,9
90,26 00:00:00,3,,,,4.826048233025752,2.2803151386340095,4.149726708073685,3.119508244607986,2.187775311405244,0.0,0.0,4.826048233025752,2.2803151386340095,4.149726708073685,3.119508244607986,2.187775311405244,0.0,0.0,2011-09-26,0,2011,9
91,03 00:00:00,3,,,,4.588120907602722,1.551859242231589,3.9915161115489637,3.01986304825314,2.7745659329364694,0.0,0.0,4.588120907602722,1.551859242231589,3.9915161115489637,3.01986304825314,2.7745659329364694,0.0,0.0,2011-10-03,0,2011,10
92,10 00:00:00,3,,,,5.011560791617199,2.1656465420479085,4.199079882486009,3.022003959005176,1.7359551801639859,0.0,0.0,5.011560791617199,2.1656465420479085,4.199079882486009,3.022003959005176,1.7359551801639859,0.0,0.0,2011-10-10,0,2011,10
93,17 00:00:00,3,,,,4.300330019503845,1.8181927262962105,4.02290396961735,3.0298149823820455,3.064241694864403,1.9315214116032138,1.9315214116032138,4.300330019503845,1.8181927262962105,4.02290396961735,3.0298149823820455,3.064241694864403,1.9315214116032138,1.9315214116032138,2011-10-17,0,2011,10
94,24 00:00:00,3,,,,5.241430654924133,2.056867219641297,4.37680469069273,2.8474613595849365,1.6106633517527276,0.7419373447293773,0.6931471805599453,5.241430654924133,2.056867219641297,4.37680469069273,2.8474613595849365,1.6106633517527276,0.7419373447293773,0.6931471805599453,2011-10-24,0,2011,10
95,31 00:00:00,3,,,,5.221478481816058,1.5841201044498106,4.357395404128165,2.709324434459294,1.617559603933871,0.0,0.0,5.221478481816058,1.5841201044498106,4.357395404128165,2.709324434459294,1.617559603933871,0.0,0.0,2011-10-31,0,2011,10
96,07 00:00:00,3,,,,4.382107800211039,1.6638810029063205,4.22804955088907,2.822827596753411,2.1956625113853603,0.5306282510621704,0.3364722366212129,4.382107800211039,1.6638810029063205,4.22804955088907,2.822827596753411,2.1956625113853603,0.5306282510621704,0.3364722366212129,2011-11-07,0,2011,11
97,14 00:00:00,3,,,,4.352119557505951,,3.9184310017234765,2.622499682591128,2.3637417861205865,0.0,0.0,4.352119557505951,,3.9184310017234765,2.622499682591128,2.3637417861205865,0.0,0.0,2011-11-14,0,2011,11
98,21 00:00:00,3,,,,4.804136359920838,,4.2414980294402245,2.4496515215346526,2.9326688543945383,2.6461747973841225,2.272125885509337,4.804136359920838,,4.2414980294402245,2.4496515215346526,2.9326688543945383,2.6461747973841225,2.272125885509337,2011-11-21,0,2011,11
99,28 00:00:00,3,,,,5.123148737887128,,4.097316332611258,2.1767855258633335,3.5167168344190114,0.0,0.0,5.123148737887128,,4.097316332611258,2.1767855258633335,3.5167168344190114,0.0,0.0,2011-11-28,0,2011,11
100,05 00:00:00,3,,,,5.265153120635398,,4.271610370813914,1.9546540112347282,1.3537773185493012,1.4350845252893227,1.3609765531356006,5.265153120635398,,4.271610370813914,1.9546540112347282,1.3537773185493012,1.4350845252893227,1.3609765531356006,2011-12-05,0,2011,12
101,12 00:00:00,4,,,,4.37695426813673,,3.9372961695587714,1.9892849212731745,3.858319540741744,0.09531017980432493,0.09531017980432493,4.37695426813673,,3.9372961695587714,1.9892849212731745,3.858319540741744,0.09531017980432493,0.09531017980432493,2011-12-12,0,2011,12
102,19 00:00:00,4,,,,4.128956840108042,,3.6858988259757983,1.581253652975718,3.9856241314700007,0.0,0.0,4.128956840108042,,3.6858988259757983,1.581253652975718,3.9856241314700007,0.0,0.0,2011-12-19,0,2011,12
103,26 00:00:00,4,,,,4.196575184871,,3.706432821694837,1.661271654040235,2.7651541601967393,0.0,0.0,4.196575184871,,3.706432821694837,1.661271654040235,2.7651541601967393,0.0,0.0,2011-12-26,0,2011,12
104,02 00:00:00,4,,,,4.807625003243744,,4.068314249754515,1.5276502536061507,2.7329363683239802,0.0,0.0,4.807625003243744,,4.068314249754515,1.5276502536061507,2.7329363683239802,0.0,0.0,2012-01-02,0,2012,1
105,09 00:00:00,4,,,,4.6668586674754025,,3.99568552728842,1.2856175427806855,3.934869548064357,0.0,0.0,4.6668586674754025,,3.99568552728842,1.2856175427806855,3.934869548064357,0.0,0.0,2012-01-09,0,2012,1
106,16 00:00:00,4,,,,4.965620047234639,,3.9186675481468147,1.4597399638494675,2.3419030999489303,0.0,0.0,4.965620047234639,,3.9186675481468147,1.4597399638494675,2.3419030999489303,0.0,0.0,2012-01-16,0,2012,1
107,23 00:00:00,4,,,,5.342925590838919,,3.85884824294089,1.187919579508212,3.2092030031248653,0.0,0.0,5.342925590838919,,3.85884824294089,1.187919579508212,3.2092030031248653,0.0,0.0,2012-01-23,0,2012,1
108,30 00:00:00,4,,,,4.30735760772245,,3.7936147743778443,1.1313139708185302,2.1758536574197325,0.0,0.0,4.30735760772245,,3.7936147743778443,1.1313139708185302,2.1758536574197325,0.0,0.0,2012-01-30,0,2012,1
109,06 00:00:00,4,,,,4.137164559405029,,3.4070334929893757,1.1804548528390488,3.336872594295651,0.0,0.0,4.137164559405029,,3.4070334929893757,1.1804548528390488,3.336872594295651,0.0,0.0,2012-02-06,0,2012,2
110,13 00:00:00,4,,,,4.294122001707037,,3.57354876613626,1.5517145229350857,3.516490547677388,0.0,0.0,4.294122001707037,,3.57354876613626,1.5517145229350857,3.516490547677388,0.0,0.0,2012-02-13,0,2012,2
111,20 00:00:00,4,,,,4.244234477188504,,3.471855532468168,1.7319111203247421,3.9569292195856374,0.0,0.0,4.244234477188504,,3.471855532468168,1.7319111203247421,3.9569292195856374,0.0,0.0,2012-02-20,0,2012,2
112,27 00:00:00,4,,,,4.581072634409031,,3.750903656284794,1.9959368894994163,2.549119597098831,0.0,0.0,4.581072634409031,,3.750903656284794,1.9959368894994163,2.549119597098831,0.0,0.0,2012-02-27,0,2012,2
113,05 00:00:00,1,,,,5.141344948416393,,4.19424376344193,2.0804412369779666,2.4264396069572745,0.5877866649021191,0.5877866649021191,5.141344948416393,,4.19424376344193,2.0804412369779666,2.4264396069572745,0.5877866649021191,0.5877866649021191,2012-03-05,0,2012,3
114,12 00:00:00,1,,,,3.7031342540253753,,3.3353882123231284,2.1823033292158223,4.097491391471538,0.0,0.0,3.7031342540253753,,3.3353882123231284,2.1823033292158223,4.097491391471538,0.0,0.0,2012-03-12,0,2012,3
115,19 00:00:00,1,,,,4.810809460562664,,4.080157092759007,2.3982323105941408,2.538033579498634,2.4069451083182885,2.4069451083182885,4.810809460562664,,4.080157092759007,2.3982323105941408,2.538033579498634,2.4069451083182885,2.4069451083182885,2012-03-19,0,2012,3
116,26 00:00:00,1,,,,4.777872210383639,,3.8582202994351698,2.6203715090370228,3.155910668517463,0.0,0.0,4.777872210383639,,3.8582202994351698,2.6203715090370228,3.155910668517463,0.0,0.0,2012-03-26,0,2012,3
117,02 00:00:00,1,,,,3.895457988553451,,3.3074534349915745,2.816719055497632,3.9203064598369797,0.0,0.0,3.895457988553451,,3.3074534349915745,2.816719055497632,3.9203064598369797,0.0,0.0,2012-04-02,0,2012,4
118,09 00:00:00,1,,,,3.877012464667086,,3.0515836166177683,2.9703143784938617,3.5703522800480876,0.0,0.0,3.877012464667086,,3.0515836166177683,2.9703143784938617,3.5703522800480876,0.0,0.0,2012-04-09,0,2012,4
119,16 00:00:00,1,,,,3.867722746531566,,3.471485709978746,3.107800336909354,3.2687878085423603,0.47000362924573563,0.47000362924573563,3.867722746531566,,3.471485709978746,3.107800336909354,3.2687878085423603,0.47000362924573563,0.47000362924573563,2012-04-16,0,2012,4
120,23 00:00:00,1,,,,5.079961443373327,2.3620886384598814,4.27525970720202,3.0338151571350096,3.065269441329283,3.104586678466073,2.7788192719904172,5.079961443373327,2.3620886384598814,4.27525970720202,3.0338151571350096,3.065269441329283,3.104586678466073,2.7788192719904172,2012-04-23,0,2012,4
121,30 00:00:00,1,,,,4.658342924294062,0.8574502318512216,3.9198494416776097,3.00377943342933,3.5358427369331697,3.2228678461377385,3.2228678461377385,4.658342924294062,0.8574502318512216,3.9198494416776097,3.00377943342933,3.5358427369331697,3.2228678461377385,3.2228678461377385,2012-04-30,0,2012,4
122,07 00:00:00,1,,,,4.679008785869092,2.137261112568662,3.8385558535462736,3.248737742379224,2.3618530526634935,0.0,0.0,4.679008785869092,2.137261112568662,3.8385558535462736,3.248737742379224,2.3618530526634935,0.0,0.0,2012-05-07,0,2012,5
123,14 00:00:00,1,,,,4.758299936681242,2.2412161466177536,4.016811929187015,3.1845946485317427,2.9823756120239175,1.9459101490553135,1.7749523509116738,4.758299936681242,2.2412161466177536,4.016811929187015,3.1845946485317427,2.9823756120239175,1.9459101490553135,1.7749523509116738,2012-05-14,0,2012,5
124,21 00:00:00,1,,,,4.560898139815452,2.2011849785523165,3.8897530510681095,3.2439910362187665,3.364078426521278,2.760009940032921,2.747270914255491,4.560898139815452,2.2011849785523165,3.8897530510681095,3.2439910362187665,3.364078426521278,2.760009940032921,2.747270914255491,2012-05-21,0,2012,5
125,28 00:00:00,1,,,,4.329158564865137,2.125961557314729,3.745715395330256,3.289201141588931,2.6703895402755213,0.0,0.0,4.329158564865137,2.125961557314729,3.745715395330256,3.289201141588931,2.6703895402755213,0.0,0.0,2012-05-28,0,2012,5
126,04 00:00:00,1,,,,4.504757725947634,2.579043703075977,4.157859494194788,3.2224447803353646,2.6042096936675154,3.2108436531709366,3.0204248861443626,4.504757725947634,2.579043703075977,4.157859494194788,3.2224447803353646,2.6042096936675154,3.2108436531709366,3.0204248861443626,2012-06-04,0,2012,6
127,11 00:00:00,2,,,,4.267780862304394,2.5492591417184496,3.9282009576070473,3.345092277065825,2.405254490840381,1.7227665977411037,1.5260563034950492,4.267780862304394,2.5492591417184496,3.9282009576070473,3.345092277065825,2.405254490840381,1.7227665977411037,1.5260563034950492,2012-06-11,0,2012,6
128,18 00:00:00,2,,,,4.035433913835349,2.5585184671312464,3.925150744073702,3.33106077617787,2.2202963132006763,0.6931471805599453,0.5306282510621704,4.035433913835349,2.5585184671312464,3.925150744073702,3.33106077617787,2.2202963132006763,0.6931471805599453,0.5306282510621704,2012-06-18,0,2012,6
129,25 00:00:00,2,,,,5.026063997707976,2.9924530933909455,4.33931172869487,3.321771948090105,2.577982191790909,4.415219602029645,3.970291913552122,5.026063997707976,2.9924530933909455,4.33931172869487,3.321771948090105,2.577982191790909,4.415219602029645,3.970291913552122,2012-06-25,0,2012,6
130,02 00:00:00,2,,,,4.48353595871325,2.9822489232167038,4.302857801013583,3.349040902067794,2.3328313611421163,3.186352633162641,2.624668592163159,4.48353595871325,2.9822489232167038,4.302857801013583,3.349040902067794,2.3328313611421163,3.186352633162641,2.624668592163159,2012-07-02,0,2012,7
131,09 00:00:00,2,,,,4.663453743014498,3.053832703874519,4.328302443186501,3.371238356224635,2.3554090605415836,3.9219733362813143,3.6428355156125294,4.663453743014498,3.053832703874519,4.328302443186501,3.371238356224635,2.3554090605415836,3.9219733362813143,3.6428355156125294,2012-07-09,0,2012,7
132,16 00:00:00,2,,,,3.7856889029983334,2.9978134397578153,4.242952699615021,3.3824036129784463,1.8755497248184188,3.5667118201397288,3.563882963939251,3.7856889029983334,2.9978134397578153,4.242952699615021,3.3824036129784463,1.8755497248184188,3.5667118201397288,3.563882963939251,2012-07-16,0,2012,7
133,23 00:00:00,2,,,,4.616792344886476,3.091312979533373,4.315820056435613,3.3968815504907153,3.1850875672671144,5.4116460518550396,5.4116460518550396,4.616792344886476,3.091312979533373,4.315820056435613,3.3968815504907153,3.1850875672671144,5.4116460518550396,5.4116460518550396,2012-07-23,0,2012,7
134,30 00:00:00,2,,,,4.334881855246682,3.1491173542625726,4.422062606073172,3.380080854887884,2.4730509334116304,4.062165663857866,3.591817741270805,4.334881855246682,3.1491173542625726,4.422062606073172,3.380080854887884,2.4730509334116304,4.062165663857866,3.591817741270805,2012-07-30,0,2012,7
135,06 00:00:00,2,,,,3.58440277825841,3.0856165040723185,4.4148884595129605,3.343542908725886,2.289029341845838,4.212127597878484,4.203198967134183,3.58440277825841,3.0856165040723185,4.4148884595129605,3.343542908725886,2.289029341845838,4.212127597878484,4.203198967134183,2012-08-06,0,2012,8
136,13 00:00:00,2,,,,4.190443572232195,3.079340047392024,4.351122433741647,3.37291274780719,2.2477957195002176,3.5409593240373143,3.100092288878234,4.190443572232195,3.079340047392024,4.351122433741647,3.37291274780719,2.2477957195002176,3.5409593240373143,3.100092288878234,2012-08-13,0,2012,8
137,20 00:00:00,2,,,,4.586638721060641,2.9906599070168394,4.348971399648061,3.3196567836936106,2.7996087636380724,2.517696472610991,2.509599262378372,4.586638721060641,2.9906599070168394,4.348971399648061,3.3196567836936106,2.7996087636380724,2.517696472610991,2.509599262378372,2012-08-20,0,2012,8
138,27 00:00:00,2,,,,4.361201163022149,2.723017002735529,4.16037007248125,3.2853737833677448,2.3750663175409987,2.760009940032921,2.760009940032921,4.361201163022149,2.723017002735529,4.16037007248125,3.2853737833677448,2.3750663175409987,2.760009940032921,2.760009940032921,2012-08-27,0,2012,8
139,03 00:00:00,2,,,,4.756101403188376,2.9822489232167038,4.294528126067896,3.347326024055496,2.4659483088389202,3.8522730010223722,3.828641396489095,4.756101403188376,2.9822489232167038,4.294528126067896,3.347326024055496,2.4659483088389202,3.8522730010223722,3.828641396489095,2012-09-03,0,2012,9
140,10 00:00:00,3,,,,4.301407123776583,2.7280862278626303,4.29485290684373,3.2073577552158676,2.0985071444055734,3.039749158970765,3.039749158970765,4.301407123776583,2.7280862278626303,4.29485290684373,3.2073577552158676,2.0985071444055734,3.039749158970765,3.039749158970765,2012-09-10,0,2012,9
141,17 00:00:00,3,,,,3.716081161909938,2.3710222545472743,4.133927694431146,3.156327515543344,2.3284558730610883,2.0014800002101243,2.0014800002101243,3.716081161909938,2.3710222545472743,4.133927694431146,3.156327515543344,2.3284558730610883,2.0014800002101243,2.0014800002101243,2012-09-17,0,2012,9
142,24 00:00:00,3,,,,4.495634298919785,2.595610009856322,4.192446656299991,3.2081471271536377,1.7373912767445612,0.0,0.0,4.495634298919785,2.595610009856322,4.192446656299991,3.2081471271536377,1.7373912767445612,0.0,0.0,2012-09-24,0,2012,9
143,01 00:00:00,3,,,,3.41560014410646,1.9702708665214965,4.063926263735332,3.0906431826874274,3.439129490195736,3.830812950002603,3.770459441106359,3.41560014410646,1.9702708665214965,4.063926263735332,3.0906431826874274,3.439129490195736,3.830812950002603,3.770459441106359,2012-10-01,0,2012,10
144,08 00:00:00,3,,,,4.685979441642438,2.186586179131164,4.172829280303123,3.068434105330723,1.7573035767417753,0.0,0.0,4.685979441642438,2.186586179131164,4.172829280303123,3.068434105330723,1.7573035767417753,0.0,0.0,2012-10-08,0,2012,10
145,15 00:00:00,3,,,,4.465634408511914,1.6514021115331325,4.110190570672179,2.937243591086243,3.627763640253867,1.1314021114911006,1.0986122886681098,4.465634408511914,1.6514021115331325,4.110190570672179,2.937243591086243,3.627763640253867,1.1314021114911006,1.0986122886681098,2012-10-15,0,2012,10
146,22 00:00:00,3,,,,4.420345498976018,1.002905204710926,4.144456603649449,2.825434163297755,2.665291809164497,2.867898902044106,2.5416019934645457,4.420345498976018,1.002905204710926,4.144456603649449,2.825434163297755,2.665291809164497,2.867898902044106,2.5416019934645457,2012-10-22,0,2012,10
147,29 00:00:00,3,,,,4.827408565853442,1.4127276181880462,4.170809448547753,2.868736851909254,2.354635243750685,0.0,0.0,4.827408565853442,1.4127276181880462,4.170809448547753,2.868736851909254,2.354635243750685,0.0,0.0,2012-10-29,0,2012,10
148,05 00:00:00,3,,,,4.291784465522172,,4.135071314111682,2.5930151427356347,4.42772671197847,4.341204640153626,4.341204640153626,4.291784465522172,,4.135071314111682,2.5930151427356347,4.42772671197847,4.341204640153626,4.341204640153626,2012-11-05,0,2012,11
149,12 00:00:00,3,,,,4.083171261623976,,4.00353811426392,2.5340158342272168,4.157342648987731,2.1041341542702074,2.0794415416798357,4.083171261623976,,4.00353811426392,2.5340158342272168,4.157342648987731,2.1041341542702074,2.0794415416798357,2012-11-12,0,2012,11
150,19 00:00:00,3,,,,4.328062748011491,,3.9278494843446863,2.313609193460737,3.7806593296341027,1.4816045409242156,1.4816045409242156,4.328062748011491,,3.9278494843446863,2.313609193460737,3.7806593296341027,1.4816045409242156,1.4816045409242156,2012-11-19,0,2012,11
151,26 00:00:00,3,,,,4.882166308059018,,3.9579746777683997,2.2195682819143685,2.705877206938941,0.0,0.0,4.882166308059018,,3.9579746777683997,2.2195682819143685,2.705877206938941,0.0,0.0,2012-11-26,0,2012,11
152,03 00:00:00,3,,,,4.600217465299372,,3.9334582861482112,1.7683613930709687,3.321799803149632,0.0,0.0,4.600217465299372,,3.9334582861482112,1.7683613930709687,3.321799803149632,0.0,0.0,2012-12-03,0,2012,12
153,10 00:00:00,4,,,,3.9076033150814724,,3.6187698879269097,1.1953289966487157,4.24810656108052,0.0,0.0,3.9076033150814724,,3.6187698879269097,1.1953289966487157,4.24810656108052,0.0,0.0,2012-12-10,0,2012,12
154,17 00:00:00,4,,,,5.137198017404685,,4.386036441784112,1.7733434679435358,3.3268522018897513,2.151762203259462,2.0541237336955462,5.137198017404685,,4.386036441784112,1.7733434679435358,3.3268522018897513,2.151762203259462,2.0541237336955462,2012-12-17,0,2012,12
155,24 00:00:00,4,,,,4.592331601185707,,4.009387351044788,0.5360321843447183,3.4999737694429665,0.6418538861723947,0.5877866649021191,4.592331601185707,,4.009387351044788,0.5360321843447183,3.4999737694429665,0.6418538861723947,0.5877866649021191,2012-12-24,0,2012,12
156,31 00:00:00,4,,,,4.775868902954053,,3.9509002530104738,0.10793331558010169,3.287719796381212,0.9932517730102834,0.9932517730102834,4.775868902954053,,3.9509002530104738,0.10793331558010169,3.287719796381212,0.9932517730102834,0.9932517730102834,2012-12-31,0,2012,12
157,07 00:00:00,4,,,,4.253245844807957,,3.6517399071644796,-0.5326599779468969,4.082367367158817,0.0,0.0,4.253245844807957,,3.6517399071644796,-0.5326599779468969,4.082367367158817,0.0,0.0,2013-01-07,0,2013,1
158,14 00:00:00,4,,,,5.691622051518441,,4.214241763570819,0.9913127503065843,2.2438455979709455,0.0,0.0,5.691622051518441,,4.214241763570819,0.9913127503065843,2.2438455979709455,0.0,0.0,2013-01-14,0,2013,1
159,21 00:00:00,4,133.0792270531401,,134.7036231884058,4.9856412644487165,,4.158510990332123,1.5339839318328599,2.2373352077859283,1.2237754316221159,1.0986122886681098,4.9856412644487165,,4.158510990332123,1.5339839318328599,2.2373352077859283,1.2237754316221159,1.0986122886681098,2013-01-21,0,2013,1
160,28 00:00:00,4,184.6583850931677,,188.0866977225673,5.400771878148951,,4.261925065079449,1.3559297112414563,2.0642976882815636,0.0,0.0,5.400771878148951,,4.261925065079449,1.3559297112414563,2.0642976882815636,0.0,0.0,2013-01-28,0,2013,1
161,04 00:00:00,4,146.41612957435936,,147.1814921620822,5.136875679050016,,4.2994696080336325,1.6714116719708336,2.1230097618681163,1.6486586255873816,1.4586150226995167,5.136875679050016,,4.2994696080336325,1.6714116719708336,2.1230097618681163,1.6486586255873816,1.4586150226995167,2013-02-04,0,2013,2
162,11 00:00:00,4,71.82721626199887,,69.85046113306983,4.406501453514073,,3.8815637979434374,1.1025726898842068,2.7046874103970215,0.8329091229351039,0.7419373447293773,4.406501453514073,,3.8815637979434374,1.1025726898842068,2.7046874103970215,0.8329091229351039,0.7419373447293773,2013-02-11,0,2013,2
163,18 00:00:00,4,106.29329004329006,,102.97981366459628,4.78368014001872,,3.8793522231385977,1.9223550903871836,2.6203979261406505,0.0,0.0,4.78368014001872,,3.8793522231385977,1.9223550903871836,2.6203979261406505,0.0,0.0,2013-02-18,0,2013,2
164,25 00:00:00,4,125.01495993654376,,123.05604178430266,5.0158202416919915,,3.9310083053392266,1.9315892910493435,2.188242560584378,0.5306282510621705,0.5306282510621704,5.0158202416919915,,3.9310083053392266,1.9315892910493435,2.188242560584378,0.5306282510621705,0.5306282510621704,2013-02-25,0,2013,2
165,04 00:00:00,1,131.91984884863032,,126.81776801629742,4.821053490929345,,3.6289335453720466,2.338862820108117,3.1699606528856177,0.0,0.0,4.821053490929345,,3.6289335453720466,2.338862820108117,3.1699606528856177,0.0,0.0,2013-03-04,0,2013,3
166,11 00:00:00,1,147.59420289855072,170.82523997741387,147.35947204968943,5.130111550762369,,3.7183515674386043,2.5535655250065323,2.987469060383755,0.0,0.0,5.130111550762369,,3.7183515674386043,2.5535655250065323,2.987469060383755,0.0,0.0,2013-03-11,0,2013,3
167,18 00:00:00,1,152.14772727272728,166.51955110107286,148.39339826839827,5.151466367990197,,4.032553585875418,2.514865797316911,2.4038569041372315,1.840549633397487,1.824549292051046,5.151466367990197,,4.032553585875418,2.514865797316911,2.4038569041372315,1.840549633397487,1.824549292051046,2013-03-18,0,2013,3
168,25 00:00:00,1,70.31547619047619,72.66610201392811,65.61309523809524,4.337030216229205,,3.97951475078883,2.3644120958530865,2.9338347064697308,2.424802725718295,2.424802725718295,4.337030216229205,,3.97951475078883,2.3644120958530865,2.9338347064697308,2.424802725718295,2.424802725718295,2013-03-25,0,2013,3
169,01 00:00:00,1,101.30719461697721,106.05352437417653,102.51190476190477,4.75476970866664,,3.886338829973189,2.617526880618277,2.932374008021628,0.0,0.0,4.75476970866664,,3.886338829973189,2.617526880618277,2.932374008021628,0.0,0.0,2013-04-01,0,2013,4
170,08 00:00:00,1,67.91666666666666,66.84988285932222,66.12939958592133,4.267512464348411,,3.7537666867660078,2.7083494017184537,3.718667945647552,2.174751721484161,1.9740810260220096,4.267512464348411,,3.7537666867660078,2.7083494017184537,3.718667945647552,2.174751721484161,1.9740810260220096,2013-04-08,0,2013,4
171,15 00:00:00,1,39.70445134575569,39.307368995028845,38.267857142857146,3.5875366216427227,,3.297378886356144,2.8451952750873764,4.431537202555542,0.0,0.0,3.5875366216427227,,3.297378886356144,2.8451952750873764,4.431537202555542,0.0,0.0,2013-04-15,0,2013,4
172,22 00:00:00,1,77.16693218789491,76.63254281949935,69.95077639751553,4.3746060423496,,3.8320001388276155,2.7999481361796104,2.967825647384263,0.0,0.0,4.3746060423496,,3.8320001388276155,2.7999481361796104,2.967825647384263,0.0,0.0,2013-04-22,0,2013,4
173,29 00:00:00,1,77.61897703745531,74.36651138716356,56.14593920572181,4.362719420354711,,3.6456985287090147,3.0464164831896547,3.330189300731842,0.0,0.0,4.362719420354711,,3.6456985287090147,3.0464164831896547,3.330189300731842,0.0,0.0,2013-04-29,0,2013,4
174,06 00:00:00,1,100.76785714285712,114.9648033126294,88.75,4.607132545015823,1.4398915471288687,3.756760596748197,3.15403957531296,2.8073459345192076,0.09531017980432493,0.09531017980432493,4.607132545015823,1.4398915471288687,3.756760596748197,3.15403957531296,2.8073459345192076,0.09531017980432493,0.09531017980432493,2013-05-06,0,2013,5
175,13 00:00:00,1,92.57773386034255,121.95870976849235,76.33982683982683,4.464812828293169,1.7079895861625958,3.8078522579059086,3.212084667186627,2.6440575626895813,0.0,0.0,4.464812828293169,1.7079895861625958,3.8078522579059086,3.212084667186627,2.6440575626895813,0.0,0.0,2013-05-13,0,2013,5
176,20 00:00:00,1,80.44937888198758,83.06625258799173,66.12500000000001,4.262459905715614,1.7996646487351682,3.784595395741641,3.2234166317108333,3.146335853527661,0.0,0.0,4.262459905715614,1.7996646487351682,3.784595395741641,3.2234166317108333,3.146335853527661,0.0,0.0,2013-05-20,0,2013,5
177,27 00:00:00,1,100.84494671994673,95.00476190476192,79.81008846226237,4.468709336624042,2.5094056702763248,4.03813107994493,3.2523302300105756,2.5300905459399403,1.0647107369924285,0.8754687373538999,4.468709336624042,2.5094056702763248,4.03813107994493,3.2523302300105756,2.5300905459399403,1.0647107369924285,0.8754687373538999,2013-05-27,0,2013,5
178,03 00:00:00,1,85.45050125313284,98.6305900621118,80.99279448621554,4.476483589678219,2.2809235962128662,3.873678099120253,3.3139943746456435,3.1609641862492075,0.4054651081081644,0.3364722366212129,4.476483589678219,2.2809235962128662,3.873678099120253,3.3139943746456435,3.1609641862492075,0.4054651081081644,0.3364722366212129,2013-06-03,0,2013,6
179,10 00:00:00,2,105.9969806763285,110.37346288976723,102.79943064182196,4.777321149577669,2.847121774102348,4.447541241784508,3.171993675346149,2.170447286699988,3.7658404952500644,2.7013612129514133,4.777321149577669,2.847121774102348,4.447541241784508,3.171993675346149,2.170447286699988,3.7658404952500644,2.7013612129514133,2013-06-10,0,2013,6
180,17 00:00:00,2,104.65972222222221,105.0664661425531,68.28373015873015,4.578386102081274,2.7269186854065928,4.115741001202828,3.2946435096024693,2.7961519226036,2.5494451709255714,2.4069451083182885,4.578386102081274,2.7269186854065928,4.115741001202828,3.2946435096024693,2.7961519226036,2.5494451709255714,2.4069451083182885,2013-06-17,0,2013,6
181,24 00:00:00,2,64.71428571428571,69.99546485260771,69.9654071773637,4.292732548026494,2.8311102938594375,4.107844299188165,3.3683854404576827,2.3728160865802925,2.4248027257182945,1.9600947840472698,4.292732548026494,2.8311102938594375,4.107844299188165,3.3683854404576827,2.3728160865802925,2.4248027257182945,1.9600947840472698,2013-06-24,0,2013,6
182,01 00:00:00,2,166.95071595071596,171.5282526996813,165.53955568241284,5.057534025887919,3.044805844272011,4.385665838066421,3.3317583305805183,1.9673953669377928,3.3603753871419,3.122364924487357,5.057534025887919,3.044805844272011,4.385665838066421,3.3317583305805183,1.9673953669377928,3.3603753871419,3.122364924487357,2013-07-01,0,2013,7
183,08 00:00:00,2,48.1092132505176,56.616200828157346,50.75698757763975,3.8985999850960056,2.960290126904059,4.126942354319586,3.4264927459909975,2.7139612677028646,4.370712874773608,3.7376696182833684,3.8985999850960056,2.960290126904059,4.126942354319586,3.4264927459909975,2.7139612677028646,4.370712874773608,3.7376696182833684,2013-07-08,0,2013,7
184,15 00:00:00,2,73.82324293353703,85.72588126159555,71.5319139513513,4.25214503602581,3.081254446992153,4.3937875602057,3.346982695273619,2.7655476227282567,4.2626798770413155,3.9531649487593215,4.25214503602581,3.081254446992153,4.3937875602057,3.346982695273619,2.7655476227282567,4.2626798770413155,3.9531649487593215,2013-07-15,0,2013,7
185,22 00:00:00,2,91.20048144075604,113.45784297700774,96.65427773980404,4.459705505933884,2.9840572419734874,4.2145057202834515,3.3880222365920143,2.416322920781324,0.09531017980432493,0.09531017980432493,4.459705505933884,2.9840572419734874,4.2145057202834515,3.3880222365920143,2.416322920781324,0.09531017980432493,0.09531017980432493,2013-07-22,0,2013,7
186,29 00:00:00,2,63.551225490196074,56.829365079365076,66.19975490196079,4.072784439053457,2.948815353766239,4.1298189504157605,3.417253068448828,2.2723345039041,1.667706820558076,1.410986973710262,4.072784439053457,2.948815353766239,4.1298189504157605,3.417253068448828,2.2723345039041,1.667706820558076,1.410986973710262,2013-07-29,0,2013,7
187,05 00:00:00,2,75.29918546365914,71.36306292868078,70.51296596233668,4.0994900317183065,2.987364023883474,4.234020234485486,3.3734145190702387,1.9495175800231372,3.6609942506244004,2.856470206220483,4.0994900317183065,2.987364023883474,4.234020234485486,3.3734145190702387,1.9495175800231372,3.6609942506244004,2.856470206220483,2013-08-05,0,2013,8
188,12 00:00:00,2,73.61883306751729,104.90674603174602,83.92261904761904,4.252314470116354,3.059433390595174,4.245514613911221,3.4095413444560845,2.537040612540257,2.9704144655697013,2.740840023925201,4.252314470116354,3.059433390595174,4.245514613911221,3.4095413444560845,2.537040612540257,2.9704144655697013,2.740840023925201,2013-08-12,0,2013,8
189,19 00:00:00,2,70.70833333333334,108.655303030303,71.47619047619045,4.126349331094953,2.9749827695400812,4.125020016165128,3.434704632348342,2.678433381304664,1.410986973710262,1.252762968495368,4.126349331094953,2.9749827695400812,4.125020016165128,3.434704632348342,2.678433381304664,1.410986973710262,1.252762968495368,2013-08-19,0,2013,8
190,26 00:00:00,2,74.01515151515152,55.93910825199645,75.05079858030169,4.292822810047556,2.860157979299668,4.1414325983210025,3.366535089540669,2.2118329618659476,0.9932517730102834,0.6931471805599453,4.292822810047556,2.860157979299668,4.1414325983210025,3.366535089540669,2.2118329618659476,0.9932517730102834,0.6931471805599453,2013-08-26,0,2013,8
191,02 00:00:00,2,42.04761904761905,44.44047619047619,40.75595238095239,3.7995206452871124,2.587137272436899,4.058491189083388,3.279880592081053,3.0537344120460013,3.039749158970765,2.740840023925201,3.7995206452871124,2.587137272436899,4.058491189083388,3.279880592081053,3.0537344120460013,3.039749158970765,2.740840023925201,2013-09-02,0,2013,9
192,09 00:00:00,3,76.12422360248446,77.76623376623377,71.9684265010352,4.390030234534404,2.7131956705984166,4.238324648844982,3.221471983545923,1.9693160539865788,3.0349529867072724,2.517696472610991,4.390030234534404,2.7131956705984166,4.238324648844982,3.221471983545923,1.9693160539865788,3.0349529867072724,2.517696472610991,2013-09-09,0,2013,9
193,16 00:00:00,3,77.18123988725925,71.76578674948239,70.00388198757766,4.367445739981667,2.5137524532615396,4.115061026432833,3.2251635875999933,2.301745454882316,2.772588722239781,2.6461747973841225,4.367445739981667,2.5137524532615396,4.115061026432833,3.2251635875999933,2.301745454882316,2.772588722239781,2.6461747973841225,2013-09-16,0,2013,9
194,23 00:00:00,3,76.07142857142857,78.1312324929972,75.57142857142857,4.440969170307332,2.690435654401228,4.26192506507945,3.1984341175256437,2.13968093524377,2.797281334830153,2.1162555148025524,4.440969170307332,2.690435654401228,4.26192506507945,3.1984341175256437,2.13968093524377,2.797281334830153,2.1162555148025524,2013-09-23,0,2013,9
195,30 00:00:00,3,123.21462585034013,118.00286225162002,120.52448979591837,4.864965059067842,2.0149030205422647,4.1057867860927475,3.0454884777777442,2.09435947581736,0.0,0.0,4.864965059067842,2.0149030205422647,4.1057867860927475,3.0454884777777442,2.09435947581736,0.0,0.0,2013-09-30,0,2013,9
196,07 00:00:00,3,142.02380952380952,129.46066252587988,121.44047619047618,4.890259614727534,2.2809235962128662,4.22186836201008,3.055879213222062,1.6352796902650686,3.1570004211501135,3.1570004211501135,4.890259614727534,2.2809235962128662,4.22186836201008,3.055879213222062,1.6352796902650686,3.1570004211501135,3.1570004211501135,2013-10-07,0,2013,10
197,14 00:00:00,3,72.38742236024845,80.86930641821947,66.94953416149069,4.30116513950438,1.7356509242509433,4.04315569011836,2.9950294505193207,2.4896276312548116,0.26236426446749106,0.09531017980432493,4.30116513950438,1.7356509242509433,4.04315569011836,2.9950294505193207,2.4896276312548116,0.26236426446749106,0.09531017980432493,2013-10-14,0,2013,10
198,21 00:00:00,3,92.80861602165949,92.81328816111423,89.85326086956522,4.599559235912593,,3.8885350241209324,2.824566062474101,2.5096186195274517,0.0,0.0,4.599559235912593,,3.8885350241209324,2.824566062474101,2.5096186195274517,0.0,0.0,2013-10-21,0,2013,10
199,28 00:00:00,3,110.20884353741496,111.046768707483,111.06283643892341,4.8120215645209035,,3.8965467202886472,2.763078380447642,3.1017613156981807,0.0,0.0,4.8120215645209035,,3.8965467202886472,2.763078380447642,3.1017613156981807,0.0,0.0,2013-10-28,0,2013,10
200,04 00:00:00,3,117.65674603174602,111.73383731066795,122.3170426065163,4.857086285080659,,4.038550763090319,2.7083494017184537,2.0137754008911406,0.0,0.0,4.857086285080659,,4.038550763090319,2.7083494017184537,2.0137754008911406,0.0,0.0,2013-11-04,0,2013,11
201,11 00:00:00,3,86.97619047619048,93.1190476190476,90.84523809523809,4.579363858209035,,3.6086631202571353,2.6320208101543727,3.4006396864965724,0.0,0.0,4.579363858209035,,3.6086631202571353,2.6320208101543727,3.4006396864965724,0.0,0.0,2013-11-11,0,2013,11
202,18 00:00:00,3,67.95021645021646,71.01216356107662,66.38095238095238,4.304225955426023,,3.552282141867579,2.547473331562322,3.8491225070778126,0.0,0.0,4.304225955426023,,3.552282141867579,2.547473331562322,3.8491225070778126,0.0,0.0,2013-11-18,0,2013,11
203,25 00:00:00,3,100.76785714285714,98.04477225672879,101.86645962732916,4.6936340962222,,3.5577261838943812,2.417988684525858,2.9903068683374867,0.0,0.0,4.6936340962222,,3.5577261838943812,2.417988684525858,2.9903068683374867,0.0,0.0,2013-11-25,0,2013,11
204,02 00:00:00,3,50.0595238095238,50.02380952380952,45.19047619047619,3.984565126426239,,3.175321927494015,2.224328130547296,4.62795156567035,0.0,0.0,3.984565126426239,,3.175321927494015,2.224328130547296,4.62795156567035,0.0,0.0,2013-12-02,0,2013,12
205,09 00:00:00,4,128.9702380952381,135.64285714285714,131.51190476190476,4.96092804286434,,3.677053854137455,2.3477629266363818,3.1457494220996427,0.0,0.0,4.96092804286434,,3.677053854137455,2.3477629266363818,3.1457494220996427,0.0,0.0,2013-12-09,0,2013,12
206,16 00:00:00,4,52.06469979296066,63.86309523809524,58.81055900621118,4.176491282015184,,3.2936298467902234,1.8202654954499684,2.9378351415508033,0.0,0.0,4.176491282015184,,3.2936298467902234,1.8202654954499684,2.9378351415508033,0.0,0.0,2013-12-16,0,2013,12
207,23 00:00:00,4,77.47489648033127,81.16053694204955,75.40008946722502,4.4994789278103,,3.5529642701341375,1.5434098619935408,2.273916132820828,0.0,0.0,4.4994789278103,,3.5529642701341375,1.5434098619935408,2.273916132820828,0.0,0.0,2013-12-23,0,2013,12
208,30 00:00:00,4,84.14989177489177,79.63869282891021,83.87067099567098,4.537922987253589,,3.295616383145978,1.9123142693268067,4.600523693456094,0.0,0.0,4.537922987253589,,3.295616383145978,1.9123142693268067,4.600523693456094,0.0,0.0,2013-12-30,0,2013,12
209,06 00:00:00,4,92.33554488989272,95.6873840445269,95.63921042725391,4.6616967865194265,,3.786081782070299,2.1762320672866484,3.041465047577324,0.0,0.0,4.6616967865194265,,3.786081782070299,2.1762320672866484,3.041465047577324,0.0,0.0,2014-01-06,0,2014,1
210,13 00:00:00,4,68.86232220160792,70.31547619047619,72.28996598639456,4.377973161014932,,3.332842061997883,1.5660837659834081,2.42542410868396,0.0,0.0,4.377973161014932,,3.332842061997883,1.5660837659834081,2.42542410868396,0.0,0.0,2014-01-13,0,2014,1
211,20 00:00:00,4,153.45315734989646,137.76371635610766,151.71169772256727,5.096812990337308,,3.641338509344936,1.9180642204820262,3.5183364710525664,0.0,0.0,5.096812990337308,,3.641338509344936,1.9180642204820262,3.5183364710525664,0.0,0.0,2014-01-20,0,2014,1
212,27 00:00:00,4,101.10080227743272,102.43531127866166,102.86493597438975,4.787288800112654,,3.5336865647082343,1.9670140894845067,3.164711244361314,0.0,0.0,4.787288800112654,,3.5336865647082343,1.9670140894845067,3.164711244361314,0.0,0.0,2014-01-27,0,2014,1
213,03 00:00:00,4,83.89285714285714,80.04813664596273,86.05331262939958,4.553187430919495,,3.7228206875419687,2.107489080743215,3.0571269069586453,0.0,0.0,4.553187430919495,,3.7228206875419687,2.107489080743215,3.0571269069586453,0.0,0.0,2014-02-03,0,2014,2
214,10 00:00:00,4,59.52976190476191,54.96240353849049,58.235930735930744,4.218631971693394,,3.6937781501715827,1.462004149936529,3.2504506241346465,1.9021075263969205,1.5040773967762742,4.218631971693394,,3.6937781501715827,1.462004149936529,3.2504506241346465,1.9021075263969205,1.5040773967762742,2014-02-10,0,2014,2
215,17 00:00:00,4,219.98103707886318,205.52225672877847,214.89728025597591,5.361878848037781,,3.9374122394329656,1.7766511149243533,2.5845230208185366,0.0,0.0,5.361878848037781,,3.9374122394329656,1.7766511149243533,2.5845230208185366,0.0,0.0,2014-02-17,0,2014,2
216,24 00:00:00,4,187.58724576787236,192.7993443754314,194.3138371290545,5.513193920959957,,4.040437160631479,2.0773902589092788,2.147857858101965,0.0,0.0,5.513193920959957,,4.040437160631479,2.0773902589092788,2.147857858101965,0.0,0.0,2014-02-24,0,2014,2
217,03 00:00:00,1,176.6500423489554,165.81602672689633,178.86697453685028,5.332028423890349,,3.8836480260013064,2.3284574895544172,2.266680304651846,0.7419373447293773,0.7419373447293773,5.332028423890349,,3.8836480260013064,2.3284574895544172,2.266680304651846,0.7419373447293773,0.7419373447293773,2014-03-03,0,2014,3
218,10 00:00:00,1,66.92598343685299,68.93468849990589,70.70616883116882,4.38210103666789,,3.4311028644410597,2.3116771243872134,2.888153691338669,0.0,0.0,4.38210103666789,,3.4311028644410597,2.3116771243872134,2.888153691338669,0.0,0.0,2014-03-10,0,2014,3
219,17 00:00:00,1,76.54166666666666,79.46428571428571,77.34187370600414,4.425345509392724,,3.0996631964022225,2.735613729128281,2.8888726188755687,0.0,0.0,4.425345509392724,,3.0996631964022225,2.735613729128281,2.8888726188755687,0.0,0.0,2014-03-17,0,2014,3
220,24 00:00:00,1,80.82142857142857,81.89389233954452,79.6309523809524,4.464783048219014,,3.193069497089144,2.876737291843792,2.932786134696178,0.0,0.0,4.464783048219014,,3.193069497089144,2.876737291843792,2.932786134696178,0.0,0.0,2014-03-24,0,2014,3
221,31 00:00:00,1,156.32683982683986,159.87142857142857,152.63311688311686,5.126794436996308,0.8823891801984737,3.807587987291263,3.02437738535169,2.049120395356441,0.47000362924573563,0.4054651081081644,5.126794436996308,0.8823891801984737,3.807587987291263,3.02437738535169,2.049120395356441,0.47000362924573563,0.4054651081081644,2014-03-31,0,2014,3
222,07 00:00:00,1,66.5468426501035,68.93355919442877,68.54114906832298,4.218807179753413,,3.374657826427543,2.9923405014509408,2.4446373712090748,0.0,0.0,4.218807179753413,,3.374657826427543,2.9923405014509408,2.4446373712090748,0.0,0.0,2014-04-07,0,2014,4
223,14 00:00:00,1,129.82709862601166,147.6544325239977,126.96244497799118,4.945020258387939,-0.10008345855698228,3.6271940019587716,3.0638869067499743,2.4947587517087397,0.0,0.0,4.945020258387939,-0.10008345855698228,3.6271940019587716,3.0638869067499743,2.4947587517087397,0.0,0.0,2014-04-14,0,2014,4
224,21 00:00:00,1,78.9929183135705,87.18259121830549,70.53258516845473,4.416974266001536,1.1432365691381035,3.86473171738245,3.0191483915676023,2.5037653988425035,1.7749523509116738,1.7749523509116738,4.416974266001536,1.1432365691381035,3.86473171738245,3.0191483915676023,2.5037653988425035,1.7749523509116738,1.7749523509116738,2014-04-21,0,2014,4
225,28 00:00:00,1,83.49200075287033,73.08574879227054,79.59474402409184,4.466455314290672,1.9956716586143775,3.9538730427598296,3.129801431392943,3.0141801086502364,2.785011242238338,2.6878474937846906,4.466455314290672,1.9956716586143775,3.9538730427598296,3.129801431392943,3.0141801086502364,2.785011242238338,2.6878474937846906,2014-04-28,0,2014,4
226,05 00:00:00,1,55.05526538678712,55.39880952380952,74.05173992673993,4.367788852011109,0.14903557916048796,3.6267190553813324,3.088644434570415,4.105111783908681,1.824549292051046,1.7749523509116738,4.367788852011109,0.14903557916048796,3.6267190553813324,3.088644434570415,4.105111783908681,1.824549292051046,1.7749523509116738,2014-05-05,0,2014,5
227,12 00:00:00,1,60.8579931972789,54.11904761904763,51.854166666666664,4.225094311884747,1.803593926875058,3.971414374103242,3.073186514237268,2.7700408362761366,3.3911470458086543,3.370738174177447,4.225094311884747,1.803593926875058,3.971414374103242,3.073186514237268,2.7700408362761366,3.3911470458086543,3.370738174177447,2014-05-12,0,2014,5
228,19 00:00:00,1,63.377705627705616,57.959109730848866,61.12499999999999,4.319074156691945,1.8278081849956525,3.7043836406499016,3.2407503579496253,3.3736304039442486,0.26236426446749106,0.1823215567939546,4.319074156691945,1.8278081849956525,3.7043836406499016,3.2407503579496253,3.3736304039442486,0.26236426446749106,0.1823215567939546,2014-05-19,0,2014,5
229,26 00:00:00,1,84.56231884057969,76.64690658872244,80.11266390614216,4.428598301867372,2.4423470353692043,3.9179577409479607,3.3303627348534026,2.9751772203993156,2.580216829592325,2.5257286443082556,4.428598301867372,2.4423470353692043,3.9179577409479607,3.3303627348534026,2.9751772203993156,2.580216829592325,2.5257286443082556,2014-05-26,0,2014,5
230,02 00:00:00,1,56.03486394557823,57.04710144927536,54.41450216450216,4.04305126783455,2.434552763642386,3.7598148820602257,3.3837284849908915,2.844788252452292,3.068052935133617,2.714694743820879,4.04305126783455,2.434552763642386,3.7598148820602257,3.3837284849908915,2.844788252452292,3.068052935133617,2.714694743820879,2014-06-02,0,2014,6
231,09 00:00:00,2,39.04166666666667,46.15476190476189,40.95068027210885,3.7822408607044427,2.6244960444964383,4.042528992792647,3.297173180359811,2.257276361598697,3.077312260546414,2.797281334830153,3.7822408607044427,2.6244960444964383,4.042528992792647,3.297173180359811,2.257276361598697,3.077312260546414,2.797281334830153,2014-06-09,0,2014,6
232,16 00:00:00,2,70.26501035196688,78.24761904761905,71.66692546583852,4.298175842186477,2.8123387137987006,4.139537940687156,3.334891317902967,1.6319329902614714,3.698829784967104,3.2308043957334744,4.298175842186477,2.8123387137987006,4.139537940687156,3.334891317902967,1.6319329902614714,3.698829784967104,3.2308043957334744,2014-06-16,0,2014,6
233,23 00:00:00,2,58.85714285714287,66.17261904761905,58.648291925465834,4.1140054561185675,2.8485020365713067,4.259068400391035,3.285191162316874,2.2110766061601566,4.191168746857641,3.9259259105971376,4.1140054561185675,2.8485020365713067,4.259068400391035,3.285191162316874,2.2110766061601566,4.191168746857641,3.9259259105971376,2014-06-23,0,2014,6
234,30 00:00:00,2,69.54166666666666,70.3113354037267,61.55411255411254,4.105982922211842,2.7997463545659786,3.9832356336534103,3.41018626444387,2.7097154804212713,0.0,0.0,4.105982922211842,2.7997463545659786,3.9832356336534103,3.41018626444387,2.7097154804212713,0.0,0.0,2014-06-30,0,2014,6
235,07 00:00:00,2,168.0535714285714,155.7380952380952,142.39978991596638,5.010873360994178,3.0713696877596113,4.316217465334855,3.3794162175559963,2.969220224053562,3.5890591188317256,3.535145354171894,5.010873360994178,3.0713696877596113,4.316217465334855,3.3794162175559963,2.969220224053562,3.5890591188317256,3.535145354171894,2014-07-07,0,2014,7
236,14 00:00:00,2,33.101190476190474,39.248964803312624,30.72564935064935,3.5129005222358125,2.7245795030534206,3.859224819861175,3.4364331543270916,2.104105117844009,0.0,0.0,3.5129005222358125,2.7245795030534206,3.859224819861175,3.4364331543270916,2.104105117844009,0.0,0.0,2014-07-14,0,2014,7
237,21 00:00:00,2,92.03442028985505,93.35114734299516,76.94941652550348,4.402500138656007,3.051020553539829,4.155529251261241,3.445342497984372,2.7395450229468548,1.7227665977411037,1.410986973710262,4.402500138656007,3.051020553539829,4.155529251261241,3.445342497984372,2.7395450229468548,1.7227665977411037,1.410986973710262,2014-07-21,0,2014,7
238,28 00:00:00,2,77.05027762092979,74.09701271813073,66.88492847731978,4.219030127441255,2.8820701993457503,4.01154508194992,3.425064586898905,2.8274157581612407,0.0,0.0,4.219030127441255,2.8820701993457503,4.01154508194992,3.425064586898905,2.8274157581612407,0.0,0.0,2014-07-28,0,2014,7
239,04 00:00:00,2,132.71376811594203,122.93501788067007,108.90527950310559,4.718339419807871,3.0996631964022225,4.305511922489595,3.4037182712854164,3.20394104464207,3.6988297849671046,3.2846635654062037,4.718339419807871,3.0996631964022225,4.305511922489595,3.4037182712854164,3.20394104464207,3.6988297849671046,3.2846635654062037,2014-08-04,0,2014,8
240,11 00:00:00,2,49.082556935817806,53.875,45.01785714285713,3.8125972252901343,2.832162371810241,4.081765780015241,3.381242908333657,2.392219020154281,1.4350845252893227,1.4350845252893227,3.8125972252901343,2.832162371810241,4.081765780015241,3.381242908333657,2.392219020154281,1.4350845252893227,1.4350845252893227,2014-08-11,0,2014,8
241,18 00:00:00,2,45.357142857142854,50.78679653679654,41.71997929606625,3.74048722826832,2.8349625136468513,4.176399895220512,3.326690002307488,1.8356244482188953,2.6100697927420065,1.8082887711792655,3.74048722826832,2.8349625136468513,4.176399895220512,3.326690002307488,1.8356244482188953,2.6100697927420065,1.8082887711792655,2014-08-18,0,2014,8
242,25 00:00:00,2,79.71169772256731,76.72308488612838,69.43659420289855,4.265141633164101,2.883403088580071,4.132973677949706,3.3759196057034915,2.3565658443604938,2.8735646395797834,2.6100697927420065,4.265141633164101,2.883403088580071,4.132973677949706,3.3759196057034915,2.3565658443604938,2.8735646395797834,2.6100697927420065,2014-08-25,0,2014,8
243,01 00:00:00,2,85.2027103331451,84.08634481460568,74.16440805571241,4.452407431435681,2.850568864726969,4.274099998655873,3.300236345163814,1.3403594917138637,3.9160150266976834,3.091042453358316,4.452407431435681,2.850568864726969,4.274099998655873,3.300236345163814,1.3403594917138637,3.9160150266976834,3.091042453358316,2014-09-01,0,2014,9
244,08 00:00:00,3,67.38690476190476,70.55357142857143,61.949534161490696,4.192086846995038,2.7972087421837557,4.226486100557569,3.288291193611563,2.2616390828476627,3.7184382563554808,3.490428515390098,4.192086846995038,2.7972087421837557,4.226486100557569,3.288291193611563,2.2616390828476627,3.7184382563554808,3.490428515390098,2014-09-08,0,2014,9
245,15 00:00:00,3,55.240942028985515,61.23214285714285,55.52380952380952,4.043781994940503,2.6084052428811293,4.167864209419192,3.2276815926570572,2.0048286343755066,0.587786664902119,0.5877866649021191,4.043781994940503,2.6084052428811293,4.167864209419192,3.2276815926570572,2.0048286343755066,0.587786664902119,0.5877866649021191,2014-09-15,0,2014,9
246,22 00:00:00,3,82.41666666666666,83.57142857142857,75.54225484660267,4.43366513109479,2.6018074621846927,4.250873364454327,3.1573657604215053,1.7893458444922068,1.5686159179138452,1.0647107369924282,4.43366513109479,2.6018074621846927,4.250873364454327,3.1573657604215053,1.7893458444922068,1.5686159179138452,1.0647107369924282,2014-09-22,0,2014,9
247,29 00:00:00,3,65.58022774327121,71.7062629399586,65.04761904761905,4.295900344037945,2.6517317705119865,4.365143847635131,3.1246680816537733,1.7459440428024284,3.543853682063679,3.0819099697950434,4.295900344037945,2.6517317705119865,4.365143847635131,3.1246680816537733,1.7459440428024284,3.543853682063679,3.0819099697950434,2014-09-29,0,2014,9
248,06 00:00:00,3,56.92494824016564,63.53027950310558,58.06030020703934,4.187759006861526,2.138664621570982,4.295664397596693,2.941373353919441,1.9804512354141115,2.7013612129514133,2.6100697927420065,4.187759006861526,2.138664621570982,4.295664397596693,2.941373353919441,1.9804512354141115,2.7013612129514133,2.6100697927420065,2014-10-06,0,2014,10
249,13 00:00:00,3,162.92821852060982,198.2108742706569,187.07738095238096,5.27540813302956,2.112375363351085,4.254345443142478,2.974559269781623,2.121120311920073,0.6931471805599453,0.6418538861723947,5.27540813302956,2.112375363351085,4.254345443142478,2.974559269781623,2.121120311920073,0.6931471805599453,0.6418538861723947,2014-10-13,0,2014,10
250,20 00:00:00,3,116.1309523809524,120.125,139.48628364389234,4.916864818607798,1.6247955680884199,4.13106291019533,2.943688872523652,2.374806081832423,0.0,0.0,4.916864818607798,1.6247955680884199,4.13106291019533,2.943688872523652,2.374806081832423,0.0,0.0,2014-10-20,0,2014,10
251,27 00:00:00,3,121.51552795031057,155.27605154189823,142.03364389233954,4.988121853005043,1.1470244524550404,4.124250045001006,2.8559137331681397,2.341473791329547,0.0,0.0,4.988121853005043,1.1470244524550404,4.124250045001006,2.8559137331681397,2.341473791329547,0.0,0.0,2014-10-27,0,2014,10
252,03 00:00:00,3,76.23647186147186,75.4971590909091,94.69407921271277,4.54475015633649,0.2965710198690267,4.062186153771706,2.8102793554622756,3.367160352829563,0.0,0.0,4.54475015633649,0.2965710198690267,4.062186153771706,2.8102793554622756,3.367160352829563,0.0,0.0,2014-11-03,0,2014,11
253,10 00:00:00,3,53.75724637681159,81.23214285714286,71.40683229813665,4.2634705421338355,,3.979681653901961,2.57831072533975,2.0962562244517335,0.1823215567939546,0.1823215567939546,4.2634705421338355,,3.979681653901961,2.57831072533975,2.0962562244517335,0.1823215567939546,0.1823215567939546,2014-11-10,0,2014,11
254,17 00:00:00,3,41.29632505175983,70.02432712215321,60.844145761071225,4.130493127383612,,3.615572443156419,2.5152603026517943,3.9031444214776077,0.0,0.0,4.130493127383612,,3.615572443156419,2.5152603026517943,3.9031444214776077,0.0,0.0,2014-11-17,0,2014,11
255,24 00:00:00,3,131.25310559006212,204.50595238095238,180.83352130325815,5.050538771670851,,4.102643365036796,2.381690593476208,1.75386803092752,0.09531017980432493,0.09531017980432493,5.050538771670851,,4.102643365036796,2.381690593476208,1.75386803092752,0.09531017980432493,0.09531017980432493,2014-11-24,0,2014,11
256,01 00:00:00,3,112.73343685300208,166.06493506493504,148.08958148476782,5.016333315210893,,3.9971079248147414,2.271727438240976,4.042490333597998,0.4054651081081644,0.4054651081081644,5.016333315210893,,3.9971079248147414,2.271727438240976,4.042490333597998,0.4054651081081644,0.4054651081081644,2014-12-01,0,2014,12
257,08 00:00:00,4,30.25802277432712,49.23687518485655,44.63775510204082,3.7899980309117893,,3.4437321941860852,1.7456296975005539,3.3738690068336994,0.0,0.0,3.7899980309117893,,3.4437321941860852,1.7456296975005539,3.3738690068336994,0.0,0.0,2014-12-08,0,2014,12
258,15 00:00:00,4,73.3690476190476,110.875,108.49404761904762,4.691935806286293,,3.689920578622347,1.870359955631235,3.5356207374803192,0.0,0.0,4.691935806286293,,3.689920578622347,1.870359955631235,3.5356207374803192,0.0,0.0,2014-12-15,0,2014,12
259,22 00:00:00,4,43.870748299319736,71.30187074829932,57.780426716141,4.238874278717461,,3.614130250774408,1.7741714059286027,4.864405476067842,0.0,0.0,4.238874278717461,,3.614130250774408,1.7741714059286027,4.864405476067842,0.0,0.0,2014-12-22,0,2014,12
260,29 00:00:00,4,91.70372670807453,140.04031818677126,116.78485162180813,4.867809138000229,,3.8032174088487274,2.0078000502706312,2.57885858436243,0.0,0.0,4.867809138000229,,3.8032174088487274,2.0078000502706312,2.57885858436243,0.0,0.0,2014-12-29,0,2014,12
261,05 00:00:00,4,82.4769063751983,104.99611801242236,89.39130434782608,4.5591262474866845,,3.468707673188884,1.9525790634014208,3.4536957036804417,0.0,0.0,4.5591262474866845,,3.468707673188884,1.9525790634014208,3.4536957036804417,0.0,0.0,2015-01-05,0,2015,1
262,12 00:00:00,4,94.61309523809523,106.03893751176359,103.43452380952381,4.615827480462079,,3.644765837828406,1.9511933690855205,2.398035955542782,0.0,0.0,4.615827480462079,,3.644765837828406,1.9511933690855205,2.398035955542782,0.0,0.0,2015-01-12,0,2015,1
263,19 00:00:00,4,140.50686994165252,168.57373737373743,157.7738565782044,5.053809798796348,,3.9546719015754954,1.7995032829346858,2.7648730207178445,0.0,0.0,5.053809798796348,,3.9546719015754954,1.7995032829346858,2.7648730207178445,0.0,0.0,2015-01-19,0,2015,1
264,26 00:00:00,4,109.68668831168831,131.57292960662525,111.88975155279503,4.673469580360386,,3.981682321458258,1.9344135134417009,1.8734583139068244,0.1823215567939546,0.1823215567939546,4.673469580360386,,3.981682321458258,1.9344135134417009,1.8734583139068244,0.1823215567939546,0.1823215567939546,2015-01-26,0,2015,1
265,02 00:00:00,4,61.40320910973086,65.80952380952382,61.30771221532091,4.079179125701828,,3.4681511385302377,1.6768995575472765,2.699225664875825,0.09531017980432493,0.09531017980432493,4.079179125701828,,3.4681511385302377,1.6768995575472765,2.699225664875825,0.09531017980432493,0.09531017980432493,2015-02-02,0,2015,2
266,09 00:00:00,4,60.82738095238095,55.39285714285715,55.92261904761904,3.9822518277888967,,3.4524410716448246,2.0526414210167734,3.857428528781064,0.0,0.0,3.9822518277888967,,3.4524410716448246,2.0526414210167734,3.857428528781064,0.0,0.0,2015-02-09,0,2015,2
267,16 00:00:00,4,166.829733672125,172.1451863354037,156.95941558441558,4.988416247687095,,3.6823103053784667,2.241070877714382,2.090805300330151,0.0,0.0,4.988416247687095,,3.6823103053784667,2.241070877714382,2.090805300330151,0.0,0.0,2015-02-16,0,2015,2
268,23 00:00:00,4,107.11904761904763,111.36309523809523,94.97619047619047,4.537501858378407,,3.895094814407458,2.1899774591423595,3.7906285457087763,2.1041341542702074,1.4816045409242156,4.537501858378407,,3.895094814407458,2.1899774591423595,3.7906285457087763,2.1041341542702074,1.4816045409242156,2015-02-23,0,2015,2
269,02 00:00:00,1,78.89638622247318,71.29037842190014,76.01656314699792,4.304708386889911,,3.8309678806714382,2.208909018373959,3.1492934939698953,0.6931471805599453,0.5877866649021191,4.304708386889911,,3.8309678806714382,2.208909018373959,3.1492934939698953,0.6931471805599453,0.5877866649021191,2015-03-02,0,2015,3
270,09 00:00:00,1,116.32505175983435,113.32582815734989,103.67779503105591,4.60748892420705,,3.4220110134384307,2.2712241213722555,4.056146024881774,0.0,0.0,4.60748892420705,,3.4220110134384307,2.2712241213722555,4.056146024881774,0.0,0.0,2015-03-09,0,2015,3
271,16 00:00:00,1,95.99837662337661,107.41184359119143,95.875,4.550110408805064,,3.5670144377846467,2.4961462664570364,2.233413634132747,0.0,0.0,4.550110408805064,,3.5670144377846467,2.4961462664570364,2.233413634132747,0.0,0.0,2015-03-16,0,2015,3
272,23 00:00:00,1,66.10714285714285,78.03708439897697,69.90476190476191,4.182741351870103,,3.273318915340421,2.8184681638985065,3.2639766521132967,0.0,0.0,4.182741351870103,,3.273318915340421,2.8184681638985065,3.2639766521132967,0.0,0.0,2015-03-23,0,2015,3
273,30 00:00:00,1,100.79112554112555,113.00051759834368,113.3658781694496,4.562299964329649,-2.8127208236660963,3.710524960675584,2.9496042789866057,2.9984664979916964,0.0,0.0,4.562299964329649,-2.8127208236660963,3.710524960675584,2.9496042789866057,2.9984664979916964,0.0,0.0,2015-03-30,0,2015,3
274,06 00:00:00,1,61.0279655340397,64.32922951789412,60.46003836317135,4.023915711230318,-1.8281271133989314,3.967705462855245,2.800244799901593,3.0418516407582006,3.0633909220278057,2.653241964607215,4.023915711230318,-1.8281271133989314,3.967705462855245,2.800244799901593,3.0418516407582006,3.0633909220278057,2.653241964607215,2015-04-06,0,2015,4
275,13 00:00:00,1,96.82738095238096,100.75148557446694,97.09523809523809,4.542090917084216,,3.8972718834821367,2.805864753051354,3.008877636295211,2.772588722239781,2.72785282839839,4.542090917084216,,3.8972718834821367,2.805864753051354,3.008877636295211,2.772588722239781,2.72785282839839,2015-04-13,0,2015,4
276,20 00:00:00,1,84.70373208571966,90.70885093167702,84.67248964803312,4.47009960291051,-0.4605248852911911,3.693926221542254,3.0616055299996496,3.3322831635445316,0.0,0.0,4.47009960291051,-0.4605248852911911,3.693926221542254,3.0616055299996496,3.3322831635445316,0.0,0.0,2015-04-20,0,2015,4
277,27 00:00:00,1,70.3489789196311,88.38690476190477,68.30590557421222,4.318043514828011,1.634130525024472,3.736251379497924,3.1946423184259456,2.9360233409971035,0.6418538861723947,0.6418538861723947,4.318043514828011,1.634130525024472,3.736251379497924,3.1946423184259456,2.9360233409971035,0.6418538861723947,0.6418538861723947,2015-04-27,0,2015,4
278,04 00:00:00,1,73.67261904761904,81.57986111111111,73.82467532467533,4.31637638468362,2.110934440911573,3.981793352380484,3.178110750403743,3.481902873308865,2.0412203288596382,2.0412203288596382,4.31637638468362,2.110934440911573,3.981793352380484,3.178110750403743,3.481902873308865,2.0412203288596382,2.0412203288596382,2015-05-04,0,2015,5
279,11 00:00:00,1,38.625,52.46804511278196,37.11485977790325,3.7205174345555823,1.0029052047109261,3.8517926511161584,3.0359264363687384,2.5615231650916193,3.367295829986474,3.3463891451671604,3.7205174345555823,1.0029052047109261,3.8517926511161584,3.0359264363687384,2.5615231650916193,3.367295829986474,3.3463891451671604,2015-05-11,0,2015,5
280,18 00:00:00,1,65.1926406926407,74.65476190476191,59.65476190476191,4.056844589966886,1.8917484410839704,3.761338533577374,3.233275937297425,3.2368280016405655,1.0647107369924282,0.6418538861723947,4.056844589966886,1.8917484410839704,3.761338533577374,3.233275937297425,3.2368280016405655,1.0647107369924282,0.6418538861723947,2015-05-18,0,2015,5
281,25 00:00:00,1,63.88837353123067,67.34834368530021,59.906746031746025,4.136308761321133,2.048460597721586,3.6489561132232082,3.310439017605048,3.047417901682879,0.0,0.0,4.136308761321133,2.048460597721586,3.6489561132232082,3.310439017605048,3.047417901682879,0.0,0.0,2015-05-25,0,2015,5
282,01 00:00:00,1,82.95714285714287,72.64935064935065,82.91720779220782,4.441600284244341,2.7194924249728567,3.9509002530104738,3.373916038685152,3.340237634252967,0.5306282510621704,0.5306282510621704,4.441600284244341,2.7194924249728567,3.9509002530104738,3.373916038685152,3.340237634252967,0.5306282510621704,0.5306282510621704,2015-06-01,0,2015,6
283,08 00:00:00,2,35.52380952380952,23.828416149068325,33.964285714285715,3.477202645789157,2.3079279374045414,3.878490843647695,3.3065134694115956,2.301095889442578,1.8245492920510458,1.6094379124341003,3.477202645789157,2.3079279374045414,3.878490843647695,3.3065134694115956,2.301095889442578,1.8245492920510458,1.6094379124341003,2015-06-08,0,2015,6
284,15 00:00:00,2,44.7675983436853,38.95134575569359,44.91991341991343,3.673241887569862,2.6679719775347994,4.068823233325335,3.3040073460016535,2.974082942148935,2.468099531471619,1.410986973710262,3.673241887569862,2.6679719775347994,4.068823233325335,3.3040073460016535,2.974082942148935,2.468099531471619,1.410986973710262,2015-06-15,0,2015,6
285,22 00:00:00,2,56.16437484084543,46.722543760587236,53.40758145363409,3.8327736337740057,2.703762207810912,4.025102103246506,3.3461686844451934,2.376576802104359,2.533696813957432,2.3608540011180215,3.8327736337740057,2.703762207810912,4.025102103246506,3.3461686844451934,2.376576802104359,2.533696813957432,2.3608540011180215,2015-06-22,0,2015,6
286,29 00:00:00,2,131.75595238095235,113.16718426501036,126.13095238095238,4.601293634242168,2.9849601765720797,4.2876832492779595,3.338534106961835,2.5733934589560854,1.589235205116581,1.1939224684724346,4.601293634242168,2.9849601765720797,4.2876832492779595,3.338534106961835,2.5733934589560854,1.589235205116581,1.1939224684724346,2015-06-29,0,2015,6
287,06 00:00:00,2,35.17857142857143,7.69360248447205,35.68452380952381,3.3938811733530336,2.6365030498101616,4.022157820246273,3.3147039316989635,2.3609663038864026,1.5040773967762742,0.7884573603642703,3.3938811733530336,2.6365030498101616,4.022157820246273,3.3147039316989635,2.3609663038864026,1.5040773967762742,0.7884573603642703,2015-07-06,0,2015,7
288,13 00:00:00,2,89.05357142857143,88.5936507936508,72.9544513457557,4.230996082182867,2.8890481309656564,3.9991831808705465,3.4414446599327317,2.4366215663771373,0.0,0.0,4.230996082182867,2.8890481309656564,3.9991831808705465,3.4414446599327317,2.4366215663771373,0.0,0.0,2015-07-13,0,2015,7
289,20 00:00:00,2,60.283135981665396,52.0546218487395,42.52716086434574,3.87602029734384,2.980437328518353,4.290704029629493,3.3480123281975134,2.27381812003008,3.92395157629342,3.1570004211501135,3.87602029734384,2.980437328518353,4.290704029629493,3.3480123281975134,2.27381812003008,3.92395157629342,3.1570004211501135,2015-07-20,0,2015,7
290,27 00:00:00,2,88.71556732740943,77.05641945773525,73.40714558134468,4.263350343040283,3.109007811190178,4.33915641301544,3.394592217125568,1.800432070727003,3.475067230228611,3.3568971227655755,4.263350343040283,3.109007811190178,4.33915641301544,3.394592217125568,1.800432070727003,3.475067230228611,3.3568971227655755,2015-07-27,0,2015,7
291,03 00:00:00,2,68.14622153209109,62.20833333333333,56.15502070393375,4.02535169073515,3.124826754293154,4.418410222595205,3.3621478742530626,1.4347301541172524,3.543853682063679,3.490428515390098,4.02535169073515,3.124826754293154,4.418410222595205,3.3621478742530626,1.4347301541172524,3.543853682063679,3.490428515390098,2015-08-03,0,2015,8
292,10 00:00:00,2,60.78582251082251,59.31785714285714,51.03064182194617,3.987660419633766,3.034265937556234,4.302616167570339,3.369729002980933,2.035973129336108,0.0,0.0,3.987660419633766,3.034265937556234,4.302616167570339,3.369729002980933,2.035973129336108,0.0,0.0,2015-08-10,0,2015,8
293,17 00:00:00,2,75.3809523809524,74.78571428571429,66.83928571428572,4.216351468994669,2.98998337862238,4.145284964813053,3.426265205071608,2.355289994115511,0.0,0.0,4.216351468994669,2.98998337862238,4.145284964813053,3.426265205071608,2.355289994115511,0.0,0.0,2015-08-17,0,2015,8
294,24 00:00:00,2,30.02096273291926,48.75,24.301435406698566,3.3351854959226777,2.8853990972267862,4.219157503806742,3.3272155049628593,1.9206795516409998,1.252762968495368,0.8329091229351039,3.3351854959226777,2.8853990972267862,4.219157503806742,3.3272155049628593,1.9206795516409998,1.252762968495368,0.8329091229351039,2015-08-24,0,2015,8
295,31 00:00:00,2,20.86309523809524,22.0,15.732142857142858,2.9746788643561586,2.878395566849449,4.247559430164314,3.3115069526052334,1.8402283421820378,3.61899332664977,2.8213788864092133,2.9746788643561586,2.878395566849449,4.247559430164314,3.3115069526052334,1.8402283421820378,3.61899332664977,2.8213788864092133,2015-08-31,0,2015,8
296,07 00:00:00,3,22.875,28.0,17.350108225108226,3.0608286747618196,2.854689749679472,4.329714651172653,3.2557217755088437,2.8543744155254847,3.7160081215021887,3.044522437723423,3.0608286747618196,2.854689749679472,4.329714651172653,3.2557217755088437,2.8543744155254847,3.7160081215021887,3.044522437723423,2015-09-07,0,2015,9
297,14 00:00:00,3,32.57142857142857,38.11904761904762,26.520888259610068,3.347223349892797,2.547862818475522,4.197022912659987,3.1768903252189054,3.06277880771026,2.468099531471619,1.9878743481543455,3.347223349892797,2.547862818475522,4.197022912659987,3.1768903252189054,3.06277880771026,2.468099531471619,1.9878743481543455,2015-09-14,0,2015,9
298,21 00:00:00,3,102.05357142857143,59.875,102.26750700280111,4.49003987873446,2.6892232881181575,4.241669276978959,3.2163981287166683,1.6947961380073158,1.33500106673234,0.9555114450274363,4.49003987873446,2.6892232881181575,4.241669276978959,3.2163981287166683,1.6947961380073158,1.33500106673234,0.9555114450274363,2015-09-21,0,2015,9
299,28 00:00:00,3,65.33170995670996,71.5625,62.593685300207035,3.981996072694719,2.6158304790054423,4.294365696115456,3.158195580895983,2.0294475281744853,1.6863989535702288,1.5040773967762742,3.981996072694719,2.6158304790054423,4.294365696115456,3.158195580895983,2.0294475281744853,1.6863989535702288,1.5040773967762742,2015-09-28,0,2015,9
300,05 00:00:00,3,72.47704081632654,66.0,70.6452380952381,4.136118484467738,2.3491051086289385,4.269447668257424,3.059547831425956,2.683729047290261,2.9856819377004893,2.151762203259462,4.136118484467738,2.3491051086289385,4.269447668257424,3.059547831425956,2.683729047290261,2.9856819377004893,2.151762203259462,2015-10-05,0,2015,10
301,12 00:00:00,3,90.58928571428571,33.44861111111111,99.26237922705315,4.362264185141993,1.0643001436793307,3.8339327555471616,3.048501351972696,4.644786310882585,0.0,0.0,4.362264185141993,1.0643001436793307,3.8339327555471616,3.048501351972696,4.644786310882585,0.0,0.0,2015-10-12,0,2015,10
302,19 00:00:00,3,140.12803164744156,119.66666666666669,142.077380952381,4.856993743899768,2.118833943390497,4.207354319125827,3.001356552506126,1.9560372676752285,0.0,0.0,4.856993743899768,2.118833943390497,4.207354319125827,3.001356552506126,1.9560372676752285,0.0,0.0,2015-10-19,0,2015,10
303,26 00:00:00,3,48.211697722567294,64.66666666666667,48.4052795031056,3.8248817498747907,1.9139419840439231,4.347432108956994,2.8210861035056434,2.1567194417819353,2.7343675094195836,2.2082744135228043,3.8248817498747907,1.9139419840439231,4.347432108956994,2.8210861035056434,2.1567194417819353,2.7343675094195836,2.2082744135228043,2015-10-26,0,2015,10
304,02 00:00:00,3,39.57047964113182,79.66666666666667,38.89087301587301,3.6491109719149617,,3.886338829973189,2.6725996293768945,3.3354242362557383,0.0,0.0,3.6491109719149617,,3.886338829973189,2.6725996293768945,3.3354242362557383,0.0,0.0,2015-11-02,0,2015,11
305,09 00:00:00,3,100.47023809523809,83.36666666666666,103.88095238095237,4.614943697815072,0.8520558223368794,4.405085919849837,2.503513088894749,2.8368342317036244,13.815511657963668,13.815501557923774,4.614943697815072,0.8520558223368794,4.405085919849837,2.503513088894749,2.8368342317036244,13.815511657963668,13.815501557923774,2015-11-09,0,2015,11
306,16 00:00:00,3,165.0952380952381,210.33333333333331,171.97673160173161,5.096521699918703,1.5974617213873845,4.470969101382829,2.593744718300951,1.4233951548382922,0.0,0.0,5.096521699918703,1.5974617213873845,4.470969101382829,2.593744718300951,1.4233951548382922,0.0,0.0,2015-11-16,0,2015,11
307,23 00:00:00,3,52.840367965367975,63.9,54.470355731225304,4.026095461687994,,4.532778688566333,2.157229863620199,2.7970708016359134,2.4765384001174837,2.0918640616783932,4.026095461687994,,4.532778688566333,2.157229863620199,2.7970708016359134,2.4765384001174837,2.0918640616783932,2015-11-23,0,2015,11
308,30 00:00:00,3,196.42857142857142,6.0,189.2908163265306,5.250807632278251,,4.293309257839152,1.4145316445033684,2.9998310051229518,0.0,0.0,5.250807632278251,,4.293309257839152,1.4145316445033684,2.9998310051229518,0.0,0.0,2015-11-30,0,2015,11
309,07 00:00:00,4,132.89715320910975,264.4666666666667,130.17056277056278,4.849426754799438,,4.055845465797488,2.11874420726563,4.051127516872116,0.0,0.0,4.849426754799438,,4.055845465797488,2.11874420726563,4.051127516872116,0.0,0.0,2015-12-07,0,2015,12
310,14 00:00:00,4,163.6790890269151,16.0,173.111801242236,5.123442043589514,,4.291844652207125,2.1510039687743197,2.0029991160394403,0.7884573603642703,0.5306282510621704,5.123442043589514,,4.291844652207125,2.1510039687743197,2.0029991160394403,0.7884573603642703,0.5306282510621704,2015-12-14,0,2015,12
311,21 00:00:00,4,106.60170807453416,56.84761904761905,112.45779220779221,4.739693904417445,,4.033502902965855,1.8882399241805705,4.329307669111493,0.0,0.0,4.739693904417445,,4.033502902965855,1.8882399241805705,4.329307669111493,0.0,0.0,2015-12-21,0,2015,12
312,28 00:00:00,4,247.64208074534164,241.01790063851627,229.18748823640126,5.463907468022658,,4.309439940686963,1.6547649664005215,1.7011702708905414,0.0,0.0,5.463907468022658,,4.309439940686963,1.6547649664005215,1.7011702708905414,0.0,0.0,2015-12-28,0,2015,12
313,04 00:00:00,4,146.34480676328505,193.38888888888889,162.1153381642512,5.124955551125554,,4.169245870395218,1.7826868647786174,2.5074402033863907,0.0,0.0,5.124955551125554,,4.169245870395218,1.7826868647786174,2.5074402033863907,0.0,0.0,2016-01-04,0,2016,1
